{"stats":{"minecraft:custom":{"minecraft:jump":241,"minecraft:time_since_rest":6640,"minecraft:crouch_one_cm":34,"minecraft:damage_dealt":6,"minecraft:play_one_minute":6640,"minecraft:leave_game":1,"minecraft:walk_on_water_one_cm":705,"minecraft:sprint_one_cm":40366,"minecraft:damage_taken":30,"minecraft:time_since_death":6640,"minecraft:walk_one_cm":11731,"minecraft:sneak_time":32,"minecraft:climb_one_cm":868,"minecraft:walk_under_water_one_cm":102,"minecraft:swim_one_cm":2123,"minecraft:fall_one_cm":4834,"minecraft:fly_one_cm":44142},"minecraft:mined":{"minecraft:tall_grass":2}},"DataVersion":2586}