{"stats":{"minecraft:dropped":{"minecraft:wheat_seeds":4,"minecraft:cod":2},"minecraft:crafted":{"minecraft:cooked_mutton":4,"minecraft:air":0},"minecraft:mined":{"pixelmon:moss_rock":1,"minecraft:grass":8,"minecraft:grass_block":3,"minecraft:dirt":4,"minecraft:tall_grass":3,"minecraft:oak_leaves":6},"minecraft:picked_up":{"minecraft:ghast_tear":2,"minecraft:crafting_table":1,"pixelmon:s_exp_candy":1,"minecraft:feather":1,"minecraft:chicken":1,"minecraft:salmon":3,"minecraft:leather":10,"pixelmon:poke_ball":31,"pixelmon:kelpsy_berry":1,"minecraft:carrot":1,"minecraft:redstone":7,"minecraft:dirt":7,"minecraft:rabbit_foot":1,"minecraft:string":4,"minecraft:cooked_mutton":3,"minecraft:bone":9,"minecraft:rotten_flesh":7,"minecraft:sugar":3,"minecraft:gold_nugget":4,"minecraft:wheat_seeds":12,"pixelmon:grepa_berry":3,"pixelmon:red_apricorn":3,"minecraft:rabbit":2,"minecraft:glowstone_dust":2,"pixelmon:iapapa_berry":2,"minecraft:cod":3,"pixelmon:yellow_apricorn":12,"minecraft:blaze_powder":6},"minecraft:used":{"minecraft:cooked_mutton":10,"minecraft:bread":6,"minecraft:dirt":8,"minecraft:red_bed":1},"minecraft:custom":{"minecraft:time_since_rest":42049,"minecraft:damage_taken":455,"minecraft:sprint_one_cm":391163,"minecraft:walk_one_cm":158015,"minecraft:drop":6,"minecraft:damage_dealt":192,"minecraft:swim_one_cm":8656,"minecraft:fly_one_cm":389916,"minecraft:open_barrel":4,"minecraft:open_chest":26,"minecraft:crouch_one_cm":6851,"minecraft:play_one_minute":151973,"minecraft:deaths":1,"minecraft:sneak_time":1685,"minecraft:walk_under_water_one_cm":297,"minecraft:jump":1461,"minecraft:interact_with_brewingstand":2,"minecraft:interact_with_blast_furnace":1,"minecraft:leave_game":2,"minecraft:time_since_death":42018,"minecraft:walk_on_water_one_cm":2508,"minecraft:sleep_in_bed":1,"minecraft:climb_one_cm":1242,"minecraft:interact_with_smoker":4,"minecraft:fall_one_cm":27190},"minecraft:killed_by":{"minecraft:player":1}},"DataVersion":2586}