{"stats":{"minecraft:custom":{"minecraft:time_since_rest":74567,"minecraft:sprint_one_cm":242167,"minecraft:walk_one_cm":66351,"minecraft:fly_one_cm":233365,"minecraft:open_barrel":1,"minecraft:open_chest":15,"minecraft:crouch_one_cm":2152,"minecraft:play_one_minute":76935,"minecraft:sneak_time":633,"minecraft:jump":741,"minecraft:interact_with_blast_furnace":1,"minecraft:leave_game":2,"minecraft:time_since_death":76935,"minecraft:walk_on_water_one_cm":316,"minecraft:sleep_in_bed":1,"minecraft:interact_with_smoker":4,"minecraft:fall_one_cm":12540},"minecraft:mined":{"minecraft:grass":3,"minecraft:tall_grass":3},"minecraft:picked_up":{"minecraft:ghast_tear":2,"minecraft:crafting_table":1,"minecraft:feather":1,"minecraft:chicken":1,"minecraft:salmon":3,"minecraft:leather":9,"pixelmon:poke_ball":3,"pixelmon:kelpsy_berry":1,"minecraft:carrot":1,"minecraft:redstone":7,"minecraft:string":4,"minecraft:rabbit_foot":1,"minecraft:cooked_mutton":2,"minecraft:bone":9,"minecraft:sugar":3,"minecraft:rotten_flesh":6,"minecraft:wheat_seeds":8,"minecraft:gold_nugget":4,"pixelmon:grepa_berry":2,"pixelmon:red_apricorn":3,"minecraft:rabbit":2,"minecraft:glowstone_dust":2,"pixelmon:iapapa_berry":2,"minecraft:cod":3,"pixelmon:yellow_apricorn":10,"minecraft:blaze_powder":6},"minecraft:used":{"minecraft:cooked_mutton":7,"minecraft:red_bed":1},"minecraft:crafted":{"minecraft:cooked_mutton":4,"minecraft:air":0}},"DataVersion":2586}