{"stats":{"minecraft:custom":{"minecraft:interact_with_crafting_table":25,"minecraft:open_barrel":16,"minecraft:bell_ring":21,"minecraft:leave_game":9,"minecraft:time_since_death":13451,"minecraft:climb_one_cm":1202,"minecraft:sprint_one_cm":928727,"minecraft:walk_one_cm":567871,"minecraft:drop":184,"minecraft:deaths":1,"minecraft:sneak_time":1533,"minecraft:walk_under_water_one_cm":947,"minecraft:jump":3259,"minecraft:interact_with_blast_furnace":6,"minecraft:walk_on_water_one_cm":11761,"minecraft:interact_with_furnace":19,"minecraft:play_one_minute":280484,"minecraft:sleep_in_bed":6,"minecraft:time_since_rest":13525,"minecraft:damage_taken":880,"minecraft:damage_dealt":0,"minecraft:swim_one_cm":841,"minecraft:fly_one_cm":879240,"minecraft:open_chest":129,"minecraft:crouch_one_cm":3762,"minecraft:interact_with_smoker":2,"minecraft:fall_one_cm":66424,"minecraft:horse_one_cm":2629},"minecraft:broken":{"minecraft:stone_hoe":1,"minecraft:stone_pickaxe":1,"minecraft:iron_pickaxe":1},"minecraft:picked_up":{"minecraft:wheat":134,"pixelmon:silicon_ore":2,"pixelmon:iron_base":3,"minecraft:string":5,"minecraft:armor_stand":1,"pixelmon:sapphire_boots":2,"pixelmon:grepa_berry":10,"minecraft:gold_nugget":9,"minecraft:beef":5,"pixelmon:sapphire_plate":2,"minecraft:iron_pickaxe":2,"minecraft:chest":1,"minecraft:birch_sapling":8,"minecraft:egg":1,"pixelmon:bauxite_ore":46,"minecraft:stick":41,"minecraft:brown_terracotta":1,"minecraft:torch":8,"minecraft:porkchop":3,"minecraft:diorite":5,"minecraft:redstone":6,"minecraft:rabbit_foot":1,"pixelmon:crystal":8,"minecraft:rotten_flesh":36,"minecraft:stone_shovel":1,"pixelmon:sapphire_helm":2,"pixelmon:ruby":4,"minecraft:saddle":1,"pixelmon:red_apricorn":23,"minecraft:blaze_powder":1,"minecraft:mutton":13,"pixelmon:moomoo_milk":1,"minecraft:cod":4,"minecraft:white_wool":25,"minecraft:cobblestone":92,"minecraft:birch_log":24,"pixelmon:poke_ball_lid":2,"minecraft:feather":3,"pixelmon:pokemail_grass":2,"minecraft:andesite":7,"minecraft:water_bucket":1,"minecraft:salmon":7,"minecraft:leather":27,"pixelmon:hyper_potion":10,"pixelmon:sapphire_legs":2,"minecraft:potato":542,"pixelmon:poke_ball":68,"minecraft:oak_log":52,"pixelmon:kelpsy_berry":2,"minecraft:dirt":26,"minecraft:leather_boots":2,"minecraft:red_carpet":6,"pixelmon:rindo_berry":2,"minecraft:bone":16,"minecraft:apple":2,"minecraft:wheat_seeds":426,"minecraft:iron_ore":77,"pixelmon:drash_berry":1,"minecraft:rabbit":4,"minecraft:glass_bottle":1,"minecraft:glowstone_dust":2,"minecraft:stone_hoe":1,"minecraft:oak_planks":4,"pixelmon:sapphire":1,"pixelmon:yellow_apricorn":137,"minecraft:ghast_tear":4,"pixelmon:white_rug":6,"minecraft:dandelion":9,"minecraft:poisonous_potato":3,"pixelmon:amethyst":6,"minecraft:sand":1,"pixelmon:niniku_berry":2,"minecraft:leather_helmet":2,"minecraft:dark_prismarine":1,"minecraft:stone_axe":1,"minecraft:granite":3,"minecraft:bread":1,"minecraft:baked_potato":36,"minecraft:oak_sapling":17,"pixelmon:dusk_stone_shard":1,"minecraft:coal":180},"minecraft:mined":{"pixelmon:sapphire_ore":1,"minecraft:red_carpet":6,"pixelmon:berry_plant_rindo":1,"pixelmon:ruby_ore":4,"minecraft:granite":2,"minecraft:grass_block":17,"minecraft:iron_ore":77,"pixelmon:apricorn_plant_red":1,"minecraft:andesite":8,"minecraft:potatoes":170,"pixelmon:bauxite_ore":46,"minecraft:stone":95,"pixelmon:amethyst_ore":6,"minecraft:dandelion":9,"pixelmon:silicon_ore":2,"minecraft:chest":1,"minecraft:tall_grass":21,"minecraft:cobblestone":1,"minecraft:oak_planks":4,"minecraft:diorite":5,"minecraft:birch_log":24,"minecraft:wheat":147,"minecraft:grass":237,"pixelmon:apricorn_leaves_red":1,"minecraft:oak_log":53,"minecraft:coal_ore":189,"pixelmon:crystal_ore":8,"minecraft:dirt":12,"minecraft:oak_leaves":7},"minecraft:dropped":{"minecraft:bread":1,"pixelmon:poke_ball_lid":2,"minecraft:wheat_seeds":25,"pixelmon:kelpsy_berry":1,"minecraft:glass_bottle":1,"minecraft:poisonous_potato":2,"minecraft:feather":2,"minecraft:leather":16,"minecraft:granite":3,"minecraft:leather_helmet":3,"minecraft:cod":2,"minecraft:stick":2,"pixelmon:niniku_berry":1,"minecraft:dirt":4,"minecraft:diorite":4,"minecraft:mutton":1,"minecraft:rabbit":3,"minecraft:brown_terracotta":2,"minecraft:gold_nugget":6,"minecraft:sand":1,"minecraft:iron_pickaxe":2,"minecraft:string":3,"minecraft:white_wool":13,"minecraft:bone":7,"minecraft:armor_stand":1,"minecraft:dandelion":9,"minecraft:redstone":5,"pixelmon:grepa_berry":4,"pixelmon:red_apricorn":2,"pixelmon:yellow_apricorn":1,"minecraft:birch_sapling":3,"minecraft:rotten_flesh":34,"minecraft:glowstone_dust":2,"minecraft:blaze_powder":1,"minecraft:rabbit_foot":1,"pixelmon:iron_base":3,"pixelmon:tiny_mushroom":2,"pixelmon:balm_mushroom":1,"pixelmon:pokemail_grass":1,"minecraft:andesite":2,"pixelmon:film":3,"minecraft:leather_boots":3,"minecraft:oak_sapling":9,"pixelmon:iapapa_berry":2,"minecraft:wooden_pickaxe":1,"minecraft:ghast_tear":2,"minecraft:dark_prismarine":1,"minecraft:egg":1},"minecraft:used":{"minecraft:stone_shovel":5,"pixelmon:red_apricorn":2,"minecraft:chest":17,"minecraft:stone_hoe":221,"minecraft:torch":21,"minecraft:dirt":17,"pixelmon:yellow_apricorn":9,"pixelmon:niniku_berry":1,"minecraft:red_carpet":6,"minecraft:oak_sapling":8,"minecraft:furnace":2,"minecraft:potato":279,"minecraft:wheat_seeds":243,"minecraft:cooked_mutton":1,"minecraft:water_bucket":7,"minecraft:stone_pickaxe":131,"minecraft:baked_potato":23,"minecraft:oak_planks":5,"pixelmon:drash_berry":1,"pixelmon:grepa_berry":1,"minecraft:wooden_pickaxe":12,"minecraft:white_wool":1,"minecraft:crafting_table":2,"minecraft:red_bed":1,"pixelmon:white_rug":6,"minecraft:blast_furnace":2,"minecraft:birch_sign":6,"minecraft:smoker":1,"minecraft:oak_log":43,"minecraft:bread":15,"minecraft:iron_pickaxe":305,"minecraft:stone_axe":18,"minecraft:cobblestone":10,"pixelmon:rindo_berry":2,"minecraft:bucket":8,"minecraft:birch_log":21,"pixelmon:kelpsy_berry":1,"minecraft:bone_meal":12},"minecraft:crafted":{"minecraft:smooth_stone":17,"minecraft:oak_planks":176,"minecraft:stone_shovel":1,"minecraft:furnace":5,"minecraft:blast_furnace":2,"minecraft:stone":17,"minecraft:bone_meal":12,"pixelmon:aluminium_ingot":17,"minecraft:stone_pickaxe":1,"minecraft:chest":16,"minecraft:stone_hoe":2,"minecraft:smoker":1,"minecraft:birch_sign":9,"minecraft:crafting_table":2,"minecraft:wooden_pickaxe":1,"minecraft:baked_potato":56,"minecraft:bucket":1,"minecraft:birch_planks":96,"minecraft:stone_axe":1,"minecraft:bread":29,"minecraft:air":0,"minecraft:stick":36,"minecraft:iron_ingot":53,"minecraft:iron_pickaxe":3,"minecraft:torch":24}},"DataVersion":2586}