{"stats":{"minecraft:picked_up":{"minecraft:wheat":18,"minecraft:feather":3,"pixelmon:pokemail_grass":1,"minecraft:andesite":5,"minecraft:salmon":3,"minecraft:leather":10,"minecraft:potato":138,"pixelmon:sapphire_legs":1,"minecraft:oak_log":10,"pixelmon:kelpsy_berry":1,"minecraft:dirt":16,"minecraft:leather_boots":2,"minecraft:armor_stand":1,"minecraft:bone":9,"pixelmon:sapphire_boots":1,"minecraft:wheat_seeds":89,"pixelmon:grepa_berry":5,"minecraft:gold_nugget":3,"minecraft:beef":5,"pixelmon:sapphire_plate":1,"minecraft:iron_ore":26,"minecraft:iron_pickaxe":1,"minecraft:rabbit":4,"minecraft:glass_bottle":1,"minecraft:glowstone_dust":2,"pixelmon:yellow_apricorn":75,"minecraft:egg":1,"minecraft:stick":2,"minecraft:brown_terracotta":1,"minecraft:dandelion":9,"minecraft:porkchop":1,"pixelmon:niniku_berry":1,"minecraft:redstone":5,"minecraft:rabbit_foot":1,"minecraft:leather_helmet":2,"minecraft:dark_prismarine":1,"minecraft:rotten_flesh":24,"pixelmon:sapphire_helm":1,"minecraft:granite":2,"minecraft:bread":1,"pixelmon:red_apricorn":18,"minecraft:cod":4,"minecraft:oak_sapling":1,"pixelmon:dusk_stone_shard":1,"minecraft:mutton":6,"pixelmon:moomoo_milk":1,"minecraft:coal":31,"minecraft:white_wool":10,"minecraft:cobblestone":60},"minecraft:custom":{"minecraft:interact_with_furnace":12,"minecraft:interact_with_crafting_table":12,"minecraft:open_barrel":16,"minecraft:play_one_minute":136367,"minecraft:bell_ring":21,"minecraft:leave_game":5,"minecraft:time_since_death":136367,"minecraft:sleep_in_bed":3,"minecraft:climb_one_cm":1202,"minecraft:time_since_rest":10,"minecraft:sprint_one_cm":482554,"minecraft:damage_taken":120,"minecraft:walk_one_cm":302192,"minecraft:drop":92,"minecraft:damage_dealt":0,"minecraft:fly_one_cm":544299,"minecraft:open_chest":34,"minecraft:crouch_one_cm":2932,"minecraft:sneak_time":1148,"minecraft:walk_under_water_one_cm":806,"minecraft:jump":1967,"minecraft:walk_on_water_one_cm":5152,"minecraft:fall_one_cm":36755},"minecraft:used":{"minecraft:wheat_seeds":85,"minecraft:cooked_mutton":1,"minecraft:water_bucket":7,"minecraft:stone_pickaxe":126,"pixelmon:red_apricorn":2,"minecraft:baked_potato":1,"pixelmon:grepa_berry":1,"minecraft:chest":2,"minecraft:wooden_pickaxe":12,"minecraft:stone_hoe":216,"minecraft:white_wool":1,"minecraft:dirt":7,"minecraft:crafting_table":2,"minecraft:red_bed":1,"pixelmon:yellow_apricorn":9,"minecraft:bread":15,"minecraft:furnace":2,"minecraft:bucket":7,"minecraft:bone_meal":12,"minecraft:potato":112},"minecraft:mined":{"minecraft:dandelion":9,"minecraft:granite":1,"minecraft:grass_block":15,"minecraft:tall_grass":20,"minecraft:cobblestone":1,"minecraft:iron_ore":26,"minecraft:wheat":23,"pixelmon:apricorn_plant_red":1,"minecraft:andesite":6,"minecraft:grass":211,"pixelmon:apricorn_leaves_red":1,"minecraft:potatoes":53,"minecraft:oak_log":10,"minecraft:coal_ore":39,"minecraft:dirt":2,"minecraft:stone":63,"minecraft:oak_leaves":6},"minecraft:crafted":{"minecraft:oak_planks":40,"minecraft:crafting_table":2,"minecraft:wooden_pickaxe":1,"minecraft:baked_potato":51,"minecraft:furnace":2,"minecraft:bone_meal":12,"minecraft:bucket":1,"minecraft:air":0,"minecraft:stick":12,"minecraft:iron_ingot":26,"minecraft:stone_pickaxe":1,"minecraft:iron_pickaxe":2,"minecraft:chest":2,"minecraft:stone_hoe":2},"minecraft:dropped":{"minecraft:bread":1,"minecraft:wheat_seeds":4,"pixelmon:kelpsy_berry":1,"minecraft:glass_bottle":1,"minecraft:feather":2,"minecraft:rotten_flesh":20,"minecraft:leather":7,"minecraft:glowstone_dust":2,"minecraft:granite":1,"minecraft:rabbit_foot":1,"minecraft:leather_helmet":3,"minecraft:cod":2,"minecraft:stick":2,"minecraft:dirt":2,"minecraft:rabbit":3,"pixelmon:film":3,"minecraft:leather_boots":3,"minecraft:oak_sapling":1,"minecraft:brown_terracotta":1,"minecraft:wooden_pickaxe":1,"minecraft:iron_pickaxe":2,"minecraft:dark_prismarine":1,"minecraft:white_wool":8,"minecraft:egg":1,"minecraft:bone":5,"minecraft:dandelion":8,"minecraft:armor_stand":1,"minecraft:redstone":5},"minecraft:broken":{"minecraft:stone_hoe":1}},"DataVersion":2586}