{"stats":{"minecraft:picked_up":{"minecraft:stick":2,"minecraft:wheat_seeds":1,"minecraft:dirt":5},"minecraft:custom":{"minecraft:jump":87,"minecraft:time_since_rest":2547,"minecraft:play_one_minute":2547,"minecraft:damage_taken":20,"minecraft:sprint_one_cm":8940,"minecraft:walk_on_water_one_cm":812,"minecraft:time_since_death":2547,"minecraft:walk_one_cm":3229,"minecraft:sneak_time":16,"minecraft:fall_one_cm":2481,"minecraft:fly_one_cm":15647},"minecraft:used":{"minecraft:dirt":3},"minecraft:mined":{"minecraft:grass":11,"minecraft:grass_block":4,"minecraft:oak_leaves":3,"minecraft:dirt":1}},"DataVersion":2586}