{"stats":{"minecraft:custom":{"minecraft:interact_with_furnace":5,"minecraft:interact_with_crafting_table":10,"minecraft:open_barrel":15,"minecraft:play_one_minute":94310,"minecraft:bell_ring":2,"minecraft:leave_game":4,"minecraft:time_since_death":94310,"minecraft:sleep_in_bed":1,"minecraft:climb_one_cm":792,"minecraft:time_since_rest":73929,"minecraft:sprint_one_cm":360513,"minecraft:damage_taken":100,"minecraft:walk_one_cm":191489,"minecraft:drop":77,"minecraft:damage_dealt":0,"minecraft:fly_one_cm":433602,"minecraft:open_chest":24,"minecraft:crouch_one_cm":1307,"minecraft:sneak_time":806,"minecraft:walk_under_water_one_cm":705,"minecraft:jump":1576,"minecraft:walk_on_water_one_cm":2882,"minecraft:fall_one_cm":29666},"minecraft:used":{"minecraft:wheat_seeds":23,"minecraft:cooked_mutton":1,"minecraft:water_bucket":5,"minecraft:stone_pickaxe":126,"pixelmon:red_apricorn":2,"pixelmon:grepa_berry":1,"minecraft:chest":2,"minecraft:wooden_pickaxe":12,"minecraft:stone_hoe":85,"minecraft:white_wool":1,"minecraft:dirt":6,"minecraft:crafting_table":2,"minecraft:red_bed":1,"pixelmon:yellow_apricorn":9,"minecraft:bread":10,"minecraft:furnace":2,"minecraft:bucket":6,"minecraft:bone_meal":12,"minecraft:potato":33},"minecraft:dropped":{"minecraft:wheat_seeds":4,"pixelmon:kelpsy_berry":1,"minecraft:glass_bottle":1,"minecraft:rotten_flesh":12,"minecraft:leather":7,"minecraft:glowstone_dust":2,"minecraft:granite":1,"minecraft:rabbit_foot":1,"minecraft:leather_helmet":3,"minecraft:cod":2,"minecraft:stick":2,"minecraft:dirt":1,"minecraft:rabbit":3,"pixelmon:film":3,"minecraft:leather_boots":3,"minecraft:wooden_pickaxe":1,"minecraft:iron_pickaxe":2,"minecraft:dark_prismarine":1,"minecraft:white_wool":8,"minecraft:egg":1,"minecraft:redstone":5,"minecraft:armor_stand":1,"minecraft:dandelion":7,"minecraft:bone":5},"minecraft:mined":{"minecraft:dandelion":8,"minecraft:granite":1,"minecraft:grass_block":12,"minecraft:tall_grass":10,"minecraft:cobblestone":1,"minecraft:iron_ore":26,"minecraft:wheat":1,"pixelmon:apricorn_plant_red":1,"minecraft:andesite":6,"minecraft:grass":193,"minecraft:oak_log":10,"minecraft:coal_ore":39,"minecraft:dirt":2,"minecraft:stone":63,"minecraft:oak_leaves":6},"minecraft:crafted":{"minecraft:oak_planks":40,"minecraft:crafting_table":2,"minecraft:wooden_pickaxe":1,"minecraft:furnace":2,"minecraft:bone_meal":12,"minecraft:bucket":1,"minecraft:air":0,"minecraft:stick":12,"minecraft:iron_ingot":20,"minecraft:stone_pickaxe":1,"minecraft:iron_pickaxe":2,"minecraft:chest":2,"minecraft:stone_hoe":1},"minecraft:picked_up":{"minecraft:feather":2,"minecraft:salmon":2,"minecraft:andesite":5,"minecraft:leather":10,"minecraft:potato":1,"pixelmon:sapphire_legs":1,"minecraft:oak_log":10,"pixelmon:kelpsy_berry":1,"minecraft:dirt":13,"minecraft:leather_boots":2,"minecraft:armor_stand":1,"minecraft:bone":5,"pixelmon:sapphire_boots":1,"minecraft:wheat_seeds":34,"minecraft:gold_nugget":3,"pixelmon:grepa_berry":5,"minecraft:beef":1,"pixelmon:sapphire_plate":1,"minecraft:iron_ore":26,"minecraft:glass_bottle":1,"minecraft:iron_pickaxe":1,"minecraft:rabbit":4,"minecraft:glowstone_dust":2,"pixelmon:yellow_apricorn":9,"minecraft:egg":1,"minecraft:stick":2,"minecraft:dandelion":7,"minecraft:redstone":5,"minecraft:rabbit_foot":1,"minecraft:leather_helmet":2,"minecraft:dark_prismarine":1,"minecraft:rotten_flesh":17,"pixelmon:sapphire_helm":1,"minecraft:granite":2,"pixelmon:red_apricorn":4,"minecraft:oak_sapling":1,"minecraft:cod":2,"pixelmon:dusk_stone_shard":1,"minecraft:mutton":6,"pixelmon:moomoo_milk":1,"minecraft:coal":31,"minecraft:white_wool":9,"minecraft:cobblestone":60}},"DataVersion":2586}