{"stats":{"minecraft:picked_up":{"minecraft:wheat":137,"pixelmon:lure_fairy_strong":1,"pixelmon:silicon_ore":4,"minecraft:anvil":1,"pixelmon:dawn_stone_boots":1,"pixelmon:iron_base":3,"pixelmon:pink_pc":3,"minecraft:string":5,"pixelmon:froggy_chair":1,"minecraft:item_frame":7,"minecraft:quartz_slab":2,"minecraft:armor_stand":5,"pixelmon:sapphire_boots":2,"minecraft:smooth_stone":1,"pixelmon:grepa_berry":11,"minecraft:gold_nugget":9,"pixelmon:mug_ball":1,"minecraft:beef":5,"minecraft:andesite_stairs":1,"pixelmon:pixelmon_sprite":4,"pixelmon:sapphire_plate":2,"minecraft:cobblestone_slab":1,"minecraft:iron_pickaxe":3,"minecraft:chest":1,"minecraft:birch_sapling":8,"pixelmon:chesto_berry":2,"pixelmon:pink_day_care":2,"minecraft:egg":2,"pixelmon:bauxite_ore":46,"pixelmon:washing_machine":1,"pixelmon:pink_healer":1,"minecraft:stick":42,"minecraft:polished_blackstone_stairs":2,"pixelmon:galactic_helm":1,"minecraft:composter":2,"minecraft:brown_terracotta":1,"minecraft:torch":9,"minecraft:spruce_stairs":2,"minecraft:porkchop":3,"minecraft:diorite":5,"minecraft:carrot":115,"minecraft:redstone":6,"minecraft:rabbit_foot":1,"pixelmon:crystal":8,"pixelmon:black_cushion_chair":3,"minecraft:stone_shovel":1,"minecraft:rotten_flesh":40,"pixelmon:roseli_berry":1,"pixelmon:magenta_poke_bag":2,"pixelmon:sapphire_helm":2,"pixelmon:ruby":4,"minecraft:saddle":1,"pixelmon:red_apricorn":33,"pixelmon:lightworkplace":1,"minecraft:polished_blackstone":1,"minecraft:mutton":13,"pixelmon:moomoo_milk":1,"minecraft:cod":4,"minecraft:white_wool":25,"minecraft:blaze_powder":1,"minecraft:cobblestone":93,"minecraft:birch_log":24,"pixelmon:poke_ball_lid":2,"pixelmon:cyan_folding_chair":1,"minecraft:feather":5,"minecraft:andesite":7,"pixelmon:pokemail_grass":2,"pixelmon:yellow_couch":2,"minecraft:water_bucket":1,"minecraft:salmon":7,"pixelmon:grass_gem":1,"minecraft:leather":27,"pixelmon:hyper_potion":10,"pixelmon:sapphire_legs":2,"minecraft:potato":542,"pixelmon:mower":1,"pixelmon:poke_ball":69,"tcg:essence_jar":1,"minecraft:oak_log":52,"pixelmon:kelpsy_berry":5,"pixelmon:fridge":2,"minecraft:dirt":27,"minecraft:leather_boots":2,"pixelmon:rindo_berry":5,"minecraft:red_carpet":6,"minecraft:bone":16,"minecraft:apple":2,"pixelmon:neo_plasma_legs":1,"pixelmon:infuser":2,"pixelmon:sweet_clover":1,"minecraft:wheat_seeds":437,"minecraft:spruce_wood":2,"minecraft:iron_ore":77,"pixelmon:drash_berry":12,"minecraft:rabbit":6,"minecraft:glass_bottle":1,"minecraft:glowstone_dust":2,"pixelmon:sapphire":1,"minecraft:stone_hoe":1,"minecraft:oak_planks":4,"pixelmon:yellow_apricorn":203,"minecraft:ghast_tear":4,"pixelmon:tv3":1,"pixelmon:balm_mushroom":1,"pixelmon:magenta_couch":2,"pixelmon:tiny_mushroom":1,"pixelmon:white_rug":6,"pixelmon:cyan_clock":1,"minecraft:dandelion":9,"minecraft:poisonous_potato":3,"pixelmon:amethyst":6,"minecraft:sand":1,"pixelmon:niniku_berry":10,"pixelmon:moon_stone":1,"minecraft:mossy_cobblestone":2,"minecraft:leather_helmet":2,"minecraft:dark_prismarine":1,"minecraft:oak_wood":1,"minecraft:polished_andesite":1,"pixelmon:rocket_plate":1,"pixelmon:wiki_berry":1,"minecraft:stone_axe":1,"minecraft:polished_diorite":1,"minecraft:granite":3,"minecraft:painting":4,"pixelmon:oven":3,"minecraft:bread":2,"minecraft:baked_potato":36,"minecraft:oak_sapling":17,"pixelmon:lansat_berry":1,"pixelmon:dusk_stone_shard":1,"minecraft:coal":180},"minecraft:mined":{"pixelmon:mower":1,"pixelmon:sapphire_ore":1,"minecraft:red_carpet":6,"pixelmon:berry_plant_rindo":1,"minecraft:mossy_cobblestone":2,"minecraft:andesite_stairs":2,"pixelmon:ruby_ore":4,"pixelmon:cyan_clock":1,"minecraft:granite":2,"minecraft:grass_block":18,"pixelmon:lightworkplace":1,"minecraft:polished_diorite":1,"minecraft:composter":2,"pixelmon:pink_healer":1,"minecraft:smooth_stone":1,"minecraft:carrots":34,"minecraft:iron_ore":77,"pixelmon:fridge":2,"pixelmon:apricorn_plant_red":1,"minecraft:andesite":8,"pixelmon:cyan_folding_chair":1,"minecraft:anvil":1,"minecraft:potatoes":170,"minecraft:cobblestone_slab":1,"minecraft:quartz_slab":1,"pixelmon:bauxite_ore":46,"minecraft:spruce_wood":2,"minecraft:stone":95,"pixelmon:amethyst_ore":6,"pixelmon:pink_day_care":2,"minecraft:dandelion":9,"tcg:essence_jar":1,"minecraft:oak_wood":1,"pixelmon:silicon_ore":5,"minecraft:chest":1,"minecraft:andesite_slab":1,"minecraft:stone_slab":1,"minecraft:tall_grass":26,"minecraft:cobblestone":2,"pixelmon:oven":3,"minecraft:oak_planks":4,"pixelmon:mug_ball":1,"minecraft:wall_torch":1,"minecraft:diorite":5,"minecraft:spruce_stairs":2,"pixelmon:washing_machine":1,"minecraft:light_gray_stained_glass":2,"minecraft:polished_blackstone_stairs":2,"minecraft:birch_log":24,"minecraft:wheat":147,"minecraft:lilac":1,"pixelmon:pink_mail_box":1,"minecraft:grass":253,"pixelmon:froggy_chair":1,"pixelmon:apricorn_leaves_red":1,"minecraft:coal_ore":189,"minecraft:oak_log":53,"pixelmon:crystal_ore":8,"minecraft:dirt":12,"minecraft:polished_andesite":4,"minecraft:polished_blackstone":1,"pixelmon:red_cushion_chair":3,"minecraft:oak_leaves":11},"minecraft:broken":{"minecraft:stone_hoe":1,"minecraft:stone_pickaxe":1,"minecraft:iron_pickaxe":1},"minecraft:dropped":{"minecraft:bread":1,"pixelmon:poke_ball_lid":2,"minecraft:wheat_seeds":36,"pixelmon:kelpsy_berry":2,"minecraft:baked_potato":1,"minecraft:mossy_cobblestone":1,"minecraft:glass_bottle":1,"minecraft:poisonous_potato":2,"minecraft:feather":4,"minecraft:leather":16,"minecraft:granite":3,"minecraft:leather_helmet":3,"minecraft:cod":2,"minecraft:item_frame":3,"minecraft:stick":3,"pixelmon:niniku_berry":1,"minecraft:dirt":5,"pixelmon:pinap_juice":1,"minecraft:diorite":4,"minecraft:mutton":1,"minecraft:rabbit":3,"pixelmon:hondew_berry":1,"minecraft:brown_terracotta":2,"minecraft:pumpkin_pie":1,"minecraft:gold_nugget":6,"minecraft:sand":1,"minecraft:iron_pickaxe":2,"pixelmon:armorite_ore":1,"minecraft:string":3,"minecraft:redstone":5,"minecraft:white_wool":13,"minecraft:armor_stand":1,"minecraft:bone":7,"minecraft:dandelion":9,"pixelmon:wiki_berry":3,"minecraft:polished_diorite":1,"pixelmon:lansat_berry":1,"pixelmon:grepa_berry":5,"pixelmon:red_apricorn":2,"pixelmon:lum_berry":1,"pixelmon:yellow_apricorn":3,"minecraft:birch_sapling":3,"minecraft:rotten_flesh":38,"minecraft:glowstone_dust":2,"minecraft:blaze_powder":1,"pixelmon:s_exp_candy":1,"minecraft:rabbit_foot":1,"pixelmon:iron_base":3,"minecraft:cobblestone_slab":1,"pixelmon:chesto_berry":2,"pixelmon:tiny_mushroom":4,"minecraft:gunpowder":2,"pixelmon:balm_mushroom":3,"pixelmon:pokemail_grass":1,"minecraft:oak_wood":1,"minecraft:andesite":2,"pixelmon:film":3,"minecraft:leather_boots":3,"minecraft:oak_sapling":9,"minecraft:spruce_wood":2,"pixelmon:iapapa_berry":2,"minecraft:wooden_pickaxe":1,"minecraft:ghast_tear":2,"minecraft:dark_prismarine":1,"pixelmon:poke_ball":27,"minecraft:quartz_slab":2,"minecraft:egg":1},"minecraft:crafted":{"minecraft:smooth_stone":17,"minecraft:oak_planks":176,"minecraft:stone_shovel":1,"minecraft:furnace":5,"minecraft:blast_furnace":2,"minecraft:stone":17,"minecraft:bone_meal":12,"pixelmon:aluminium_ingot":17,"minecraft:stone_pickaxe":1,"minecraft:chest":16,"minecraft:stone_hoe":2,"minecraft:birch_sign":9,"minecraft:smoker":1,"minecraft:crafting_table":2,"minecraft:wooden_pickaxe":1,"minecraft:baked_potato":56,"minecraft:bucket":1,"minecraft:birch_planks":96,"minecraft:stone_axe":1,"minecraft:bread":29,"minecraft:air":0,"minecraft:stick":36,"minecraft:iron_ingot":53,"minecraft:iron_pickaxe":3,"minecraft:torch":24},"minecraft:used":{"pixelmon:pink_healer":1,"minecraft:armor_stand":3,"minecraft:stone_shovel":6,"pixelmon:cyan_folding_chair":1,"pixelmon:red_apricorn":2,"minecraft:chest":17,"pixelmon:lightworkplace":1,"minecraft:stone_hoe":221,"minecraft:torch":21,"minecraft:dirt":17,"minecraft:anvil":1,"minecraft:spruce_stairs":2,"pixelmon:yellow_apricorn":9,"pixelmon:mower":1,"pixelmon:pink_day_care":2,"pixelmon:niniku_berry":1,"pixelmon:mug_ball":1,"minecraft:item_frame":4,"minecraft:red_carpet":6,"pixelmon:washing_machine":1,"minecraft:oak_sapling":8,"minecraft:furnace":2,"minecraft:egg":1,"minecraft:potato":279,"pixelmon:yellow_couch":2,"minecraft:wheat_seeds":243,"minecraft:cooked_mutton":1,"minecraft:water_bucket":7,"minecraft:stone_pickaxe":131,"minecraft:baked_potato":36,"minecraft:oak_planks":5,"pixelmon:drash_berry":1,"pixelmon:grepa_berry":1,"minecraft:wooden_pickaxe":12,"minecraft:white_wool":1,"minecraft:red_bed":1,"minecraft:crafting_table":2,"pixelmon:white_rug":6,"minecraft:birch_sign":6,"minecraft:blast_furnace":2,"minecraft:painting":3,"pixelmon:fridge":1,"minecraft:smoker":1,"pixelmon:oven":1,"minecraft:oak_log":43,"minecraft:iron_pickaxe":352,"minecraft:bread":15,"pixelmon:pink_pc":1,"minecraft:stone_axe":36,"minecraft:cobblestone":10,"pixelmon:tv3":1,"pixelmon:rindo_berry":2,"pixelmon:cyan_clock":1,"minecraft:bucket":8,"minecraft:birch_log":21,"pixelmon:kelpsy_berry":1,"minecraft:bone_meal":12,"minecraft:smooth_stone":2},"minecraft:custom":{"minecraft:interact_with_smithing_table":1,"minecraft:interact_with_crafting_table":26,"minecraft:open_barrel":122,"minecraft:bell_ring":21,"minecraft:leave_game":11,"minecraft:time_since_death":102930,"minecraft:climb_one_cm":14992,"minecraft:sprint_one_cm":1122724,"minecraft:walk_one_cm":771103,"minecraft:drop":254,"minecraft:deaths":1,"minecraft:sneak_time":1654,"minecraft:walk_under_water_one_cm":1402,"minecraft:jump":3827,"minecraft:interact_with_blast_furnace":6,"minecraft:walk_on_water_one_cm":12620,"minecraft:interact_with_furnace":21,"minecraft:play_one_minute":369963,"minecraft:interact_with_loom":1,"minecraft:sleep_in_bed":6,"minecraft:time_since_rest":103004,"minecraft:damage_taken":1216,"minecraft:trigger_trapped_chest":1,"minecraft:damage_dealt":0,"minecraft:swim_one_cm":841,"minecraft:fly_one_cm":979685,"minecraft:open_chest":245,"minecraft:crouch_one_cm":3958,"minecraft:interact_with_smoker":2,"minecraft:fall_one_cm":84714,"minecraft:horse_one_cm":26803}},"DataVersion":2586}