{"stats":{"minecraft:custom":{"minecraft:interact_with_furnace":16,"minecraft:interact_with_crafting_table":4,"minecraft:open_barrel":25,"minecraft:bell_ring":33,"minecraft:play_one_minute":159498,"minecraft:eat_cake_slice":4,"minecraft:leave_game":7,"minecraft:time_since_death":159498,"minecraft:sleep_in_bed":4,"minecraft:climb_one_cm":307,"minecraft:time_since_rest":32663,"minecraft:damage_taken":126,"minecraft:walk_one_cm":394920,"minecraft:sprint_one_cm":426084,"minecraft:drop":94,"minecraft:swim_one_cm":26420,"minecraft:fly_one_cm":320992,"minecraft:open_chest":117,"minecraft:crouch_one_cm":10529,"minecraft:sneak_time":2859,"minecraft:walk_under_water_one_cm":9903,"minecraft:interact_with_lectern":1,"minecraft:jump":1306,"minecraft:interact_with_brewingstand":4,"minecraft:interact_with_blast_furnace":30,"minecraft:interact_with_smoker":47,"minecraft:walk_on_water_one_cm":3479,"minecraft:fall_one_cm":23085},"minecraft:picked_up":{"tcg:rulebook":1,"minecraft:leather":7,"pixelmon:hyper_potion":1,"minecraft:potato":23,"pixelmon:film":8,"pixelmon:poke_ball":18,"minecraft:potion":4,"pixelmon:oran_berry":1,"minecraft:oak_log":6,"pixelmon:kelpsy_berry":12,"pixelmon:ice_heal":3,"minecraft:cornflower":1,"pixelmon:fresh_water":1,"minecraft:dirt":3,"minecraft:red_bed":4,"minecraft:armor_stand":1,"pixelmon:curry_apple":1,"pixelmon:rindo_berry":11,"minecraft:bone":2,"minecraft:apple":19,"pixelmon:jaboca_berry":2,"minecraft:wheat_seeds":5,"pixelmon:grepa_berry":4,"pixelmon:potion":5,"minecraft:rose_bush":1,"pixelmon:drash_berry":10,"minecraft:iron_pickaxe":2,"minecraft:glass_bottle":1,"pixelmon:sapphire":5,"minecraft:melon_slice":6,"pixelmon:yellow_apricorn":160,"minecraft:egg":1,"minecraft:furnace":1,"pixelmon:green_apricorn":12,"pixelmon:chesto_berry":1,"minecraft:stick":4,"pixelmon:pokemail_orange":1,"minecraft:porkchop":4,"pixelmon:amethyst":1,"pixelmon:niniku_berry":2,"pixelmon:dire_hit":1,"minecraft:blast_furnace":2,"minecraft:carrot":2,"minecraft:redstone":2,"pixelmon:x_special_attack":1,"pixelmon:x_defense":1,"pixelmon:red_card":1,"minecraft:rotten_flesh":5,"pixelmon:pink_apricorn":15,"pixelmon:ruby":1,"pixelmon:mug_pika":5,"minecraft:bread":4,"pixelmon:red_apricorn":43,"pixelmon:x_speed":1,"minecraft:white_wool":16,"minecraft:mutton":2,"minecraft:cod":8,"minecraft:blaze_powder":7,"minecraft:cobblestone":2},"minecraft:mined":{"pixelmon:sapphire_ore":5,"pixelmon:amethyst_ore":1,"minecraft:red_bed":3,"minecraft:dark_oak_leaves":1,"minecraft:cornflower":1,"pixelmon:ruby_ore":1,"minecraft:blast_furnace":2,"minecraft:grass_block":2,"minecraft:melon":1,"minecraft:rose_bush":1,"minecraft:furnace":1,"minecraft:wheat":1,"pixelmon:berry_leaves_drash":2,"pixelmon:mug_pika":5,"minecraft:grass":2,"pixelmon:apricorn_leaves_red":7,"minecraft:oak_log":6,"pixelmon:apricorn_leaves_yellow":5,"minecraft:stone":2,"minecraft:oak_leaves":1},"minecraft:dropped":{"minecraft:bread":3,"pixelmon:jaboca_berry":2,"pixelmon:grepa_berry":1,"pixelmon:x_speed":1,"minecraft:porkchop":8,"minecraft:wheat_seeds":9,"pixelmon:ice_heal":3,"pixelmon:red_card":1,"minecraft:glass_bottle":2,"minecraft:crafting_table":1,"pixelmon:x_defense":1,"pixelmon:fresh_water":1,"pixelmon:dire_hit":1,"pixelmon:potion":5,"pixelmon:pink_apricorn":1,"minecraft:chicken":2,"minecraft:feather":6,"minecraft:rotten_flesh":14,"pixelmon:oran_berry":1,"minecraft:glowstone_dust":4,"minecraft:apple":19,"minecraft:leather":7,"minecraft:blaze_powder":13,"minecraft:salmon":2,"minecraft:cod":11,"minecraft:stick":4,"pixelmon:green_apricorn":6,"minecraft:dirt":1,"minecraft:red_bed":1,"minecraft:potato":23,"pixelmon:chesto_berry":1,"minecraft:mutton":7,"pixelmon:film":5,"minecraft:oak_sapling":1,"minecraft:potion":8,"pixelmon:hyper_potion":1,"minecraft:beef":1,"minecraft:sugar":4,"minecraft:iron_pickaxe":1,"minecraft:string":2,"pixelmon:x_special_attack":1,"minecraft:white_wool":26,"pixelmon:poke_ball":19,"minecraft:armor_stand":1,"minecraft:bone":10,"minecraft:redstone":11},"minecraft:used":{"minecraft:cooked_mutton":2,"minecraft:wheat_seeds":2,"minecraft:writable_book":1,"minecraft:rose_bush":1,"minecraft:poppy":2,"minecraft:dirt":1,"minecraft:red_bed":4,"minecraft:blast_furnace":2,"minecraft:carrot":3,"minecraft:cod":4,"minecraft:flower_pot":2,"pixelmon:mug_pika":5,"minecraft:cornflower":1,"minecraft:bread":9,"minecraft:melon_slice":6,"minecraft:iron_pickaxe":13,"minecraft:furnace":1,"minecraft:oak_sapling":4,"minecraft:egg":3,"minecraft:potato":29},"minecraft:crafted":{"minecraft:cooked_beef":7,"minecraft:cooked_cod":8,"minecraft:oak_planks":24,"minecraft:cooked_porkchop":9,"minecraft:crafting_table":1,"minecraft:cooked_chicken":7,"minecraft:baked_potato":36,"minecraft:cooked_salmon":17,"pixelmon:aluminium_ingot":29,"minecraft:air":0,"minecraft:bread":15,"minecraft:cooked_mutton":11,"pixelmon:silicon":2,"minecraft:iron_ingot":15,"minecraft:cooked_rabbit":4}},"DataVersion":2586}