{"stats":{"minecraft:custom":{"minecraft:open_barrel":25,"minecraft:play_one_minute":87404,"minecraft:bell_ring":33,"minecraft:eat_cake_slice":4,"minecraft:leave_game":4,"minecraft:time_since_death":87404,"minecraft:sleep_in_bed":2,"minecraft:climb_one_cm":176,"minecraft:time_since_rest":65998,"minecraft:damage_taken":66,"minecraft:sprint_one_cm":239596,"minecraft:walk_one_cm":232494,"minecraft:drop":76,"minecraft:swim_one_cm":1262,"minecraft:fly_one_cm":152260,"minecraft:open_chest":26,"minecraft:crouch_one_cm":8270,"minecraft:walk_under_water_one_cm":7114,"minecraft:sneak_time":2216,"minecraft:interact_with_lectern":1,"minecraft:jump":614,"minecraft:interact_with_brewingstand":4,"minecraft:interact_with_smoker":1,"minecraft:walk_on_water_one_cm":1437,"minecraft:fall_one_cm":10373},"minecraft:used":{"minecraft:cooked_mutton":1,"minecraft:wheat_seeds":2,"minecraft:writable_book":1,"minecraft:poppy":2,"minecraft:red_bed":2,"minecraft:cod":4,"minecraft:flower_pot":2,"pixelmon:mug_pika":1,"minecraft:cornflower":1,"minecraft:bread":3,"minecraft:melon_slice":6,"minecraft:oak_sapling":4,"minecraft:egg":3,"minecraft:potato":29},"minecraft:dropped":{"pixelmon:jaboca_berry":2,"minecraft:bread":3,"pixelmon:grepa_berry":1,"pixelmon:x_speed":1,"minecraft:porkchop":8,"minecraft:wheat_seeds":6,"pixelmon:ice_heal":3,"pixelmon:red_card":1,"minecraft:glass_bottle":2,"pixelmon:x_defense":1,"pixelmon:fresh_water":1,"pixelmon:potion":5,"pixelmon:dire_hit":1,"pixelmon:pink_apricorn":1,"minecraft:chicken":1,"minecraft:feather":5,"minecraft:rotten_flesh":4,"pixelmon:oran_berry":1,"minecraft:glowstone_dust":2,"minecraft:leather":7,"minecraft:apple":19,"minecraft:blaze_powder":6,"minecraft:salmon":1,"minecraft:stick":4,"minecraft:cod":8,"pixelmon:green_apricorn":6,"minecraft:dirt":1,"minecraft:red_bed":1,"minecraft:potato":23,"pixelmon:chesto_berry":1,"minecraft:mutton":7,"pixelmon:film":5,"minecraft:oak_sapling":1,"minecraft:potion":8,"pixelmon:hyper_potion":1,"minecraft:beef":1,"minecraft:sugar":2,"minecraft:string":2,"pixelmon:x_special_attack":1,"minecraft:white_wool":26,"pixelmon:poke_ball":16,"minecraft:bone":2,"minecraft:armor_stand":1,"minecraft:redstone":4},"minecraft:mined":{"minecraft:red_bed":2,"minecraft:dark_oak_leaves":1,"minecraft:cornflower":1,"minecraft:melon":1,"minecraft:wheat":1,"pixelmon:berry_leaves_drash":2,"pixelmon:mug_pika":2,"minecraft:grass":2,"pixelmon:apricorn_leaves_red":7,"minecraft:oak_log":6,"pixelmon:apricorn_leaves_yellow":2,"minecraft:oak_leaves":1},"minecraft:crafted":{"minecraft:oak_planks":24,"minecraft:crafting_table":1},"minecraft:picked_up":{"tcg:rulebook":1,"minecraft:leather":5,"pixelmon:hyper_potion":1,"minecraft:potato":23,"pixelmon:film":8,"pixelmon:poke_ball":16,"minecraft:potion":4,"pixelmon:oran_berry":1,"minecraft:oak_log":6,"pixelmon:kelpsy_berry":12,"pixelmon:ice_heal":3,"pixelmon:fresh_water":1,"minecraft:cornflower":1,"minecraft:dirt":1,"minecraft:red_bed":3,"minecraft:armor_stand":1,"minecraft:bone":1,"pixelmon:rindo_berry":11,"minecraft:apple":19,"pixelmon:jaboca_berry":2,"minecraft:wheat_seeds":5,"pixelmon:grepa_berry":3,"pixelmon:potion":5,"pixelmon:drash_berry":10,"minecraft:iron_pickaxe":1,"minecraft:glass_bottle":1,"minecraft:melon_slice":6,"pixelmon:yellow_apricorn":32,"minecraft:egg":1,"pixelmon:green_apricorn":12,"pixelmon:chesto_berry":1,"minecraft:stick":4,"minecraft:porkchop":4,"pixelmon:niniku_berry":2,"pixelmon:dire_hit":1,"minecraft:redstone":2,"pixelmon:x_special_attack":1,"pixelmon:x_defense":1,"pixelmon:red_card":1,"minecraft:rotten_flesh":1,"pixelmon:pink_apricorn":14,"pixelmon:mug_pika":2,"minecraft:bread":4,"pixelmon:red_apricorn":30,"pixelmon:x_speed":1,"minecraft:white_wool":16,"minecraft:blaze_powder":6,"minecraft:cod":8}},"DataVersion":2586}