{"stats":{"minecraft:dropped":{"minecraft:spruce_sign":1,"minecraft:bread":3,"minecraft:porkchop":12,"minecraft:wheat_seeds":9,"pixelmon:red_card":1,"minecraft:glass_bottle":4,"minecraft:crafting_table":1,"pixelmon:fresh_water":1,"pixelmon:potion":5,"pixelmon:pink_apricorn":1,"minecraft:feather":12,"pixelmon:oran_berry":1,"minecraft:leather":7,"minecraft:apple":19,"minecraft:emerald":4,"minecraft:cod":11,"pixelmon:green_apricorn":6,"minecraft:stick":4,"minecraft:dirt":2,"minecraft:red_bed":1,"minecraft:mutton":7,"minecraft:potion":12,"minecraft:sugar":4,"minecraft:iron_pickaxe":1,"minecraft:string":2,"pixelmon:x_special_attack":1,"minecraft:white_wool":26,"minecraft:spruce_sapling":7,"minecraft:redstone":11,"minecraft:bone":10,"minecraft:armor_stand":1,"pixelmon:jaboca_berry":2,"pixelmon:grepa_berry":1,"minecraft:sweet_berries":24,"pixelmon:x_speed":1,"pixelmon:ice_heal":3,"minecraft:iron_nugget":6,"pixelmon:x_defense":1,"pixelmon:dire_hit":1,"minecraft:chicken":6,"minecraft:rotten_flesh":14,"minecraft:fern":1,"minecraft:oak_planks":1,"minecraft:glowstone_dust":4,"minecraft:blaze_powder":16,"minecraft:salmon":2,"minecraft:pumpkin_seeds":15,"minecraft:potato":40,"minecraft:flower_pot":1,"pixelmon:chesto_berry":1,"pixelmon:film":5,"minecraft:oak_sapling":1,"minecraft:stone_bricks":2,"pixelmon:hyper_potion":1,"minecraft:spruce_log":25,"minecraft:arrow":2,"minecraft:beef":1,"pixelmon:poke_ball":19},"minecraft:crafted":{"minecraft:oak_planks":24,"minecraft:cooked_chicken":7,"pixelmon:aluminium_ingot":29,"minecraft:cooked_mutton":14,"minecraft:cooked_rabbit":9,"minecraft:cooked_beef":9,"minecraft:cooked_cod":10,"minecraft:cooked_porkchop":13,"minecraft:crafting_table":1,"minecraft:baked_potato":100,"minecraft:cooked_salmon":19,"minecraft:bread":15,"minecraft:air":0,"pixelmon:silicon":2,"minecraft:iron_ingot":15},"minecraft:picked_up":{"tcg:rulebook":1,"minecraft:potion":4,"pixelmon:ice_heal":3,"pixelmon:thunder_stone_shard":5,"minecraft:cornflower":1,"minecraft:red_bed":4,"minecraft:quartz_slab":2,"minecraft:armor_stand":1,"pixelmon:jaboca_berry":2,"pixelmon:grepa_berry":4,"minecraft:rose_bush":1,"minecraft:iron_pickaxe":2,"minecraft:melon_slice":6,"minecraft:furnace":1,"minecraft:egg":1,"pixelmon:green_apricorn":12,"pixelmon:chesto_berry":1,"minecraft:stick":4,"minecraft:porkchop":4,"pixelmon:dire_hit":1,"minecraft:carrot":2,"minecraft:redstone":2,"pixelmon:crystal":4,"pixelmon:x_special_attack":1,"pixelmon:x_defense":1,"pixelmon:red_card":1,"minecraft:rotten_flesh":5,"pixelmon:pink_apricorn":15,"pixelmon:ruby":1,"pixelmon:red_apricorn":54,"pixelmon:x_speed":1,"minecraft:blaze_powder":7,"minecraft:mutton":2,"minecraft:cod":8,"minecraft:white_wool":16,"minecraft:cobblestone":3,"minecraft:leather":7,"pixelmon:hyper_potion":1,"minecraft:potato":23,"pixelmon:film":8,"pixelmon:mower":2,"pixelmon:poke_ball":18,"pixelmon:oran_berry":1,"pixelmon:kelpsy_berry":13,"minecraft:oak_log":6,"pixelmon:fresh_water":1,"minecraft:dirt":5,"pixelmon:curry_apple":1,"minecraft:bone":2,"pixelmon:rindo_berry":11,"minecraft:apple":19,"minecraft:wheat_seeds":7,"pixelmon:potion":5,"pixelmon:drash_berry":10,"minecraft:glass_bottle":2,"pixelmon:sapphire":8,"pixelmon:yellow_apricorn":170,"pixelmon:pokemail_orange":1,"minecraft:sweet_berries":5,"pixelmon:amethyst":1,"pixelmon:niniku_berry":2,"minecraft:blast_furnace":2,"minecraft:pumpkin_seeds":5,"minecraft:polished_diorite":1,"pixelmon:mug_pika":5,"minecraft:bread":5},"minecraft:mined":{"pixelmon:mower":2,"pixelmon:sapphire_ore":8,"minecraft:dark_oak_leaves":1,"pixelmon:ruby_ore":1,"minecraft:grass_block":4,"minecraft:spruce_leaves":3,"minecraft:furnace":1,"pixelmon:berry_leaves_drash":2,"pixelmon:mug_pika":5,"minecraft:stone":3,"pixelmon:amethyst_ore":1,"minecraft:red_bed":3,"minecraft:cornflower":1,"minecraft:blast_furnace":2,"minecraft:melon":1,"minecraft:rose_bush":1,"minecraft:tall_grass":2,"minecraft:wheat":1,"minecraft:bee_nest":1,"pixelmon:thunder_stone_ore":5,"minecraft:grass":15,"pixelmon:apricorn_leaves_red":7,"minecraft:oak_log":6,"pixelmon:crystal_ore":4,"pixelmon:apricorn_leaves_yellow":5,"minecraft:oak_leaves":1},"minecraft:used":{"minecraft:writable_book":1,"minecraft:rose_bush":1,"minecraft:poppy":2,"minecraft:dirt":3,"minecraft:carrot":3,"minecraft:granite":1,"pixelmon:mower":2,"pixelmon:mug_pika":5,"minecraft:oak_sapling":4,"minecraft:furnace":1,"pixelmon:black_cushion_chair":3,"minecraft:egg":3,"minecraft:potato":29,"minecraft:cooked_mutton":2,"minecraft:wheat_seeds":2,"minecraft:diorite":2,"minecraft:red_bed":4,"minecraft:blast_furnace":2,"minecraft:cod":4,"pixelmon:fridge":1,"pixelmon:oven":1,"minecraft:flower_pot":2,"minecraft:cornflower":1,"minecraft:melon_slice":6,"minecraft:bread":21,"minecraft:iron_pickaxe":26,"minecraft:cobblestone":1,"minecraft:pumpkin_pie":1},"minecraft:custom":{"minecraft:interact_with_crafting_table":4,"minecraft:open_barrel":42,"minecraft:bell_ring":33,"minecraft:eat_cake_slice":4,"minecraft:leave_game":8,"minecraft:time_since_death":50642,"minecraft:climb_one_cm":307,"minecraft:sprint_one_cm":639914,"minecraft:walk_one_cm":505141,"minecraft:drop":132,"minecraft:deaths":1,"minecraft:sneak_time":2974,"minecraft:walk_under_water_one_cm":11215,"minecraft:interact_with_lectern":1,"minecraft:jump":2149,"minecraft:interact_with_brewingstand":6,"minecraft:interact_with_blast_furnace":30,"minecraft:walk_on_water_one_cm":6722,"minecraft:interact_with_furnace":18,"minecraft:play_one_minute":214333,"minecraft:sleep_in_bed":4,"minecraft:time_since_rest":50670,"minecraft:damage_taken":892,"minecraft:damage_dealt":200,"minecraft:swim_one_cm":43701,"minecraft:fly_one_cm":512649,"minecraft:player_kills":1,"minecraft:open_chest":167,"minecraft:crouch_one_cm":10779,"minecraft:interact_with_smoker":60,"minecraft:fall_one_cm":46620}},"DataVersion":2586}