{
  "minecraft:recipes/tools/fishing_rod": {
    "criteria": {
      "has_string": "2024-07-04 01:05:10 +0000"
    },
    "done": true
  },
  "pixelmon:recipes/decor/vending_machine/green_vending_machine": {
    "criteria": {
      "has_fresh_water": "2024-07-04 00:59:07 +0000"
    },
    "done": true
  },
  "minecraft:recipes/food/cooked_mutton_from_campfire_cooking": {
    "criteria": {
      "has_mutton": "2024-07-04 01:21:59 +0000"
    },
    "done": true
  },
  "minecraft:recipes/building_blocks/purple_wool": {
    "criteria": {
      "has_white_wool": "2024-07-04 01:21:59 +0000"
    },
    "done": true
  },
  "pixelmon:recipes/equipment/camera": {
    "criteria": {
      "has_film": "2024-07-04 00:59:07 +0000"
    },
    "done": true
  },
  "pixelmon:recipes/decor/umbrella/lime_umbrella": {
    "criteria": {
      "has_wool": "2024-07-04 01:21:59 +0000"
    },
    "done": true
  },
  "pixelmon:recipes/decor/vending_machine/red_vending_machine": {
    "criteria": {
      "has_fresh_water": "2024-07-04 00:59:07 +0000"
    },
    "done": true
  },
  "pixelmon:recipes/decor/rug/gray_rug": {
    "criteria": {
      "has_wool": "2024-07-04 01:21:59 +0000"
    },
    "done": true
  },
  "pixelmon:recipes/decor/cushion_chair/red_cushion_chair": {
    "criteria": {
      "has_wool": "2024-07-04 01:21:59 +0000"
    },
    "done": true
  },
  "pixelmon:recipes/decor/rug/magenta_rug": {
    "criteria": {
      "has_wool": "2024-07-04 01:21:59 +0000"
    },
    "done": true
  },
  "pixelmon:recipes/pokeball/lid/ultra_ball_lid": {
    "criteria": {
      "has_apricorn": "2024-07-04 00:59:07 +0000"
    },
    "done": true
  },
  "pixelmon:recipes/decor/umbrella/brown_umbrella_dyed": {
    "criteria": {
      "has_the_recipe": "2024-07-04 01:21:59 +0000"
    },
    "done": true
  },
  "minecraft:recipes/decorations/white_bed": {
    "criteria": {
      "has_white_wool": "2024-07-04 01:21:59 +0000"
    },
    "done": true
  },
  "minecraft:recipes/combat/leather_helmet": {
    "criteria": {
      "has_leather": "2024-07-04 00:59:07 +0000"
    },
    "done": true
  },
  "pixelmon:recipes/decor/umbrella/blue_umbrella": {
    "criteria": {
      "has_wool": "2024-07-04 01:21:59 +0000"
    },
    "done": true
  },
  "pixelmon:recipes/pokeball/lid/friend_ball_lid": {
    "criteria": {
      "has_poke_ball": "2024-07-04 00:59:07 +0000"
    },
    "done": true
  },
  "pixelmon:recipes/decor/umbrella/cyan_umbrella_dyed": {
    "criteria": {
      "has_the_recipe": "2024-07-04 01:21:59 +0000"
    },
    "done": true
  },
  "pixelmon:recipes/decor/cushion_chair/lime_cushion_chair": {
    "criteria": {
      "has_wool": "2024-07-04 01:21:59 +0000"
    },
    "done": true
  },
  "pixelmon:recipes/decor/umbrella/magenta_umbrella_dyed": {
    "criteria": {
      "has_the_recipe": "2024-07-04 01:21:59 +0000"
    },
    "done": true
  },
  "minecraft:recipes/building_blocks/magenta_wool": {
    "criteria": {
      "has_white_wool": "2024-07-04 01:21:59 +0000"
    },
    "done": true
  },
  "minecraft:recipes/decorations/crafting_table": {
    "criteria": {
      "has_planks": "2024-07-04 01:40:47 +0000"
    },
    "done": true
  },
  "minecraft:recipes/decorations/campfire": {
    "criteria": {
      "has_stick": "2024-07-04 01:46:22 +0000"
    },
    "done": true
  },
  "pixelmon:recipes/decor/umbrella/yellow_umbrella_dyed": {
    "criteria": {
      "has_the_recipe": "2024-07-04 01:21:59 +0000"
    },
    "done": true
  },
  "pixelmon:recipes/pokeball/lid/net_ball_lid": {
    "criteria": {
      "has_poke_ball": "2024-07-04 00:59:07 +0000"
    },
    "done": true
  },
  "minecraft:recipes/decorations/ladder": {
    "criteria": {
      "has_stick": "2024-07-04 01:46:22 +0000"
    },
    "done": true
  },
  "minecraft:recipes/decorations/chest": {
    "criteria": {
      "has_lots_of_items": "2024-07-04 00:58:58 +0000"
    },
    "done": true
  },
  "pixelmon:recipes/decor/umbrella/white_umbrella": {
    "criteria": {
      "has_wool": "2024-07-04 01:21:59 +0000"
    },
    "done": true
  },
  "pixelmon:recipes/decor/umbrella/light_gray_umbrella": {
    "criteria": {
      "has_wool": "2024-07-04 01:21:59 +0000"
    },
    "done": true
  },
  "pixelmon:recipes/decor/umbrella/cyan_umbrella": {
    "criteria": {
      "has_wool": "2024-07-04 01:21:59 +0000"
    },
    "done": true
  },
  "minecraft:recipes/tools/wooden_shovel": {
    "criteria": {
      "has_stick": "2024-07-04 01:46:22 +0000"
    },
    "done": true
  },
  "pixelmon:recipes/decor/vending_machine/lime_vending_machine": {
    "criteria": {
      "has_fresh_water": "2024-07-04 00:59:07 +0000"
    },
    "done": true
  },
  "pixelmon:recipes/equipment/movement/old_running_boots": {
    "criteria": {
      "has_feather": "2024-07-04 01:00:56 +0000"
    },
    "done": true
  },
  "minecraft:recipes/building_blocks/cyan_wool": {
    "criteria": {
      "has_white_wool": "2024-07-04 01:21:59 +0000"
    },
    "done": true
  },
  "pixelmon:recipes/infuser/ev_boost/zinc": {
    "criteria": {
      "has_feather": "2024-07-04 01:02:42 +0000"
    },
    "done": true
  },
  "minecraft:recipes/misc/stick": {
    "criteria": {
      "has_planks": "2024-07-04 01:40:47 +0000"
    },
    "done": true
  },
  "pixelmon:recipes/decor/terrain/poke_dirt": {
    "criteria": {
      "has_dirt": "2024-07-04 01:05:48 +0000"
    },
    "done": true
  },
  "pixelmon:recipes/pokeball/lid/premier_ball_lid": {
    "criteria": {
      "has_poke_ball": "2024-07-04 00:59:07 +0000"
    },
    "done": true
  },
  "minecraft:recipes/transportation/spruce_boat": {
    "criteria": {
      "in_water": "2024-07-04 01:04:32 +0000"
    },
    "done": true
  },
  "pixelmon:recipes/decor/umbrella/red_umbrella_dyed": {
    "criteria": {
      "has_the_recipe": "2024-07-04 01:21:59 +0000"
    },
    "done": true
  },
  "pixelmon:recipes/decor/umbrella/white_umbrella_dyed": {
    "criteria": {
      "has_the_recipe": "2024-07-04 01:21:59 +0000"
    },
    "done": true
  },
  "pixelmon:recipes/pokeball/lid/dusk_ball_lid": {
    "criteria": {
      "has_poke_ball": "2024-07-04 00:59:07 +0000"
    },
    "done": true
  },
  "pixelmon:recipes/pokeball/lid/safari_ball_lid": {
    "criteria": {
      "has_poke_ball": "2024-07-04 00:59:07 +0000"
    },
    "done": true
  },
  "pixelmon:recipes/equipment/badgecase/pinkbadgecase": {
    "criteria": {
      "has_apricorn": "2024-07-04 00:59:07 +0000"
    },
    "done": true
  },
  "pixelmon:recipes/decor/rug/brown_rug": {
    "criteria": {
      "has_wool": "2024-07-04 01:21:59 +0000"
    },
    "done": true
  },
  "minecraft:recipes/food/cake": {
    "criteria": {
      "has_egg": "2024-07-04 01:02:42 +0000"
    },
    "done": true
  },
  "pixelmon:recipes/furnace/red_apricorn": {
    "criteria": {
      "has_apricorn": "2024-07-04 01:20:08 +0000"
    },
    "done": true
  },
  "minecraft:recipes/building_blocks/gray_wool": {
    "criteria": {
      "has_white_wool": "2024-07-04 01:21:59 +0000"
    },
    "done": true
  },
  "pixelmon:recipes/pokeball/lid/poke_ball_lid": {
    "criteria": {
      "has_apricorn": "2024-07-04 00:59:07 +0000"
    },
    "done": true
  },
  "minecraft:husbandry/balanced_diet": {
    "criteria": {
      "cooked_mutton": "2024-07-04 01:04:25 +0000",
      "bread": "2024-07-04 01:31:39 +0000",
      "cod": "2024-07-04 01:19:20 +0000"
    },
    "done": false
  },
  "pixelmon:recipes/pokeball/lid/fast_ball_lid": {
    "criteria": {
      "has_poke_ball": "2024-07-04 00:59:07 +0000"
    },
    "done": true
  },
  "minecraft:recipes/tools/wooden_hoe": {
    "criteria": {
      "has_stick": "2024-07-04 01:46:22 +0000"
    },
    "done": true
  },
  "pixelmon:recipes/decor/umbrella/orange_umbrella_dyed": {
    "criteria": {
      "has_the_recipe": "2024-07-04 01:21:59 +0000"
    },
    "done": true
  },
  "minecraft:recipes/food/cooked_cod": {
    "criteria": {
      "has_cod": "2024-07-04 00:59:07 +0000"
    },
    "done": true
  },
  "pixelmon:recipes/decor/umbrella/red_umbrella": {
    "criteria": {
      "has_wool": "2024-07-04 01:21:59 +0000"
    },
    "done": true
  },
  "pixelmon:recipes/pokeball/lid/sport_ball_lid": {
    "criteria": {
      "has_poke_ball": "2024-07-04 00:59:07 +0000"
    },
    "done": true
  },
  "pixelmon:recipes/equipment/badgecase/redbadgecase": {
    "criteria": {
      "has_apricorn": "2024-07-04 01:20:08 +0000"
    },
    "done": true
  },
  "pixelmon:recipes/decor/umbrella/magenta_umbrella": {
    "criteria": {
      "has_wool": "2024-07-04 01:21:59 +0000"
    },
    "done": true
  },
  "minecraft:recipes/redstone/note_block": {
    "criteria": {
      "has_redstone": "2024-07-04 00:58:58 +0000"
    },
    "done": true
  },
  "pixelmon:recipes/decor/rug/black_rug": {
    "criteria": {
      "has_wool": "2024-07-04 01:21:59 +0000"
    },
    "done": true
  },
  "pixelmon:recipes/decor/rug/yellow_rug": {
    "criteria": {
      "has_wool": "2024-07-04 01:21:59 +0000"
    },
    "done": true
  },
  "minecraft:recipes/decorations/white_banner": {
    "criteria": {
      "has_white_wool": "2024-07-04 01:21:59 +0000"
    },
    "done": true
  },
  "pixelmon:recipes/curry/brittle_bones": {
    "criteria": {
      "has_bone": "2024-07-04 00:59:18 +0000"
    },
    "done": true
  },
  "pixelmon:recipes/curry/boiled_egg": {
    "criteria": {
      "has_egg": "2024-07-04 01:02:42 +0000"
    },
    "done": true
  },
  "minecraft:recipes/misc/leather_horse_armor": {
    "criteria": {
      "has_leather": "2024-07-04 00:59:07 +0000"
    },
    "done": true
  },
  "pixelmon:recipes/pokeball/lid/love_ball_lid": {
    "criteria": {
      "has_poke_ball": "2024-07-04 00:59:07 +0000"
    },
    "done": true
  },
  "minecraft:recipes/combat/leather_leggings": {
    "criteria": {
      "has_leather": "2024-07-04 00:59:07 +0000"
    },
    "done": true
  },
  "pixelmon:recipes/decor/rug/blue_rug": {
    "criteria": {
      "has_wool": "2024-07-04 01:21:59 +0000"
    },
    "done": true
  },
  "pixelmon:recipes/infuser/juice/yellow_juice": {
    "criteria": {
      "has_yellow_juice_berry_3": "2024-07-04 00:59:07 +0000"
    },
    "done": true
  },
  "minecraft:recipes/combat/bow": {
    "criteria": {
      "has_string": "2024-07-04 01:05:10 +0000"
    },
    "done": true
  },
  "minecraft:recipes/food/cooked_chicken_from_smoking": {
    "criteria": {
      "has_chicken": "2024-07-04 01:00:56 +0000"
    },
    "done": true
  },
  "minecraft:recipes/redstone/oak_fence_gate": {
    "criteria": {
      "has_planks": "2024-07-04 01:40:47 +0000"
    },
    "done": true
  },
  "pixelmon:recipes/machines/trade_machine/trade_holder_right": {
    "criteria": {
      "has_poke_ball": "2024-07-04 00:59:07 +0000"
    },
    "done": true
  },
  "pixelmon:recipes/pokeball/base/aluminum_base": {
    "criteria": {
      "has_ingot": "2024-07-04 00:58:58 +0000"
    },
    "done": true
  },
  "pixelmon:recipes/furnace/green_apricorn": {
    "criteria": {
      "has_apricorn": "2024-07-04 00:59:07 +0000"
    },
    "done": true
  },
  "pixelmon:recipes/decor/cushion_chair/green_cushion_chair": {
    "criteria": {
      "has_wool": "2024-07-04 01:21:59 +0000"
    },
    "done": true
  },
  "pixelmon:recipes/decor/umbrella/light_gray_umbrella_dyed": {
    "criteria": {
      "has_the_recipe": "2024-07-04 01:21:59 +0000"
    },
    "done": true
  },
  "pixelmon:recipes/decor/cushion_chair/cyan_cushion_chair": {
    "criteria": {
      "has_wool": "2024-07-04 01:21:59 +0000"
    },
    "done": true
  },
  "pixelmon:recipes/decor/umbrella/gray_umbrella": {
    "criteria": {
      "has_wool": "2024-07-04 01:21:59 +0000"
    },
    "done": true
  },
  "minecraft:recipes/building_blocks/blue_wool": {
    "criteria": {
      "has_white_wool": "2024-07-04 01:21:59 +0000"
    },
    "done": true
  },
  "pixelmon:recipes/decor/umbrella/yellow_umbrella": {
    "criteria": {
      "has_wool": "2024-07-04 01:21:59 +0000"
    },
    "done": true
  },
  "pixelmon:recipes/decor/armchair/white_armchair": {
    "criteria": {
      "has_wool": "2024-07-04 01:21:59 +0000"
    },
    "done": true
  },
  "minecraft:recipes/redstone/target": {
    "criteria": {
      "has_redstone": "2024-07-04 00:58:58 +0000"
    },
    "done": true
  },
  "pixelmon:recipes/decor/rug/orange_rug": {
    "criteria": {
      "has_wool": "2024-07-04 01:21:59 +0000"
    },
    "done": true
  },
  "pixelmon:recipes/machines/trade_machine/trade_monitor": {
    "criteria": {
      "has_poke_ball": "2024-07-04 00:59:07 +0000"
    },
    "done": true
  },
  "pixelmon:recipes/decor/vending_machine/gray_vending_machine": {
    "criteria": {
      "has_fresh_water": "2024-07-04 00:59:07 +0000"
    },
    "done": true
  },
  "minecraft:recipes/misc/charcoal": {
    "criteria": {
      "has_log": "2024-07-04 01:40:25 +0000"
    },
    "done": true
  },
  "minecraft:recipes/building_blocks/orange_wool": {
    "criteria": {
      "has_white_wool": "2024-07-04 01:21:59 +0000"
    },
    "done": true
  },
  "pixelmon:recipes/decor/folding_chair/white_folding_chair": {
    "criteria": {
      "has_wool": "2024-07-04 01:21:59 +0000"
    },
    "done": true
  },
  "pixelmon:recipes/decor/rug/white_rug": {
    "criteria": {
      "has_wool": "2024-07-04 01:21:59 +0000"
    },
    "done": true
  },
  "minecraft:recipes/tools/wooden_pickaxe": {
    "criteria": {
      "has_stick": "2024-07-04 01:46:22 +0000"
    },
    "done": true
  },
  "minecraft:recipes/redstone/redstone_torch": {
    "criteria": {
      "has_redstone": "2024-07-04 00:58:58 +0000"
    },
    "done": true
  },
  "minecraft:husbandry/root": {
    "criteria": {
      "consumed_item": "2024-07-04 01:04:25 +0000"
    },
    "done": true
  },
  "minecraft:recipes/transportation/birch_boat": {
    "criteria": {
      "in_water": "2024-07-04 01:04:32 +0000"
    },
    "done": true
  },
  "minecraft:recipes/building_blocks/oak_stairs": {
    "criteria": {
      "has_planks": "2024-07-04 01:40:47 +0000"
    },
    "done": true
  },
  "pixelmon:recipes/decor/umbrella/pink_umbrella_dyed": {
    "criteria": {
      "has_the_recipe": "2024-07-04 01:21:59 +0000"
    },
    "done": true
  },
  "pixelmon:recipes/decor/rug/purple_rug": {
    "criteria": {
      "has_wool": "2024-07-04 01:21:59 +0000"
    },
    "done": true
  },
  "minecraft:recipes/transportation/acacia_boat": {
    "criteria": {
      "in_water": "2024-07-04 01:04:32 +0000"
    },
    "done": true
  },
  "pixelmon:recipes/decor/vending_machine/cyan_vending_machine": {
    "criteria": {
      "has_fresh_water": "2024-07-04 00:59:07 +0000"
    },
    "done": true
  },
  "pixelmon:recipes/decor/rug/cyan_rug": {
    "criteria": {
      "has_wool": "2024-07-04 01:21:59 +0000"
    },
    "done": true
  },
  "pixelmon:recipes/pokeball/lid/leaden_ball_lid": {
    "criteria": {
      "has_tumblestone": "2024-07-04 01:48:10 +0000"
    },
    "done": true
  },
  "minecraft:recipes/food/cooked_salmon_from_campfire_cooking": {
    "criteria": {
      "has_salmon": "2024-07-04 01:52:50 +0000"
    },
    "done": true
  },
  "pixelmon:recipes/movement_plate": {
    "criteria": {
      "has_redstone": "2024-07-04 00:58:58 +0000"
    },
    "done": true
  },
  "minecraft:recipes/decorations/item_frame": {
    "criteria": {
      "has_leather": "2024-07-04 00:59:07 +0000"
    },
    "done": true
  },
  "pixelmon:recipes/pokeball/lid/heal_ball_lid": {
    "criteria": {
      "has_apricorn": "2024-07-04 00:59:07 +0000"
    },
    "done": true
  },
  "minecraft:recipes/tools/clock": {
    "criteria": {
      "has_redstone": "2024-07-04 00:58:58 +0000"
    },
    "done": true
  },
  "minecraft:recipes/building_blocks/white_wool_from_string": {
    "criteria": {
      "has_string": "2024-07-04 01:05:10 +0000"
    },
    "done": true
  },
  "minecraft:recipes/food/baked_potato_from_smoking": {
    "criteria": {
      "has_potato": "2024-07-04 00:59:07 +0000"
    },
    "done": true
  },
  "pixelmon:recipes/decor/vending_machine/light_blue_vending_machine": {
    "criteria": {
      "has_fresh_water": "2024-07-04 00:59:07 +0000"
    },
    "done": true
  },
  "pixelmon:recipes/decor/rug/lime_rug": {
    "criteria": {
      "has_wool": "2024-07-04 01:21:59 +0000"
    },
    "done": true
  },
  "minecraft:recipes/combat/spectral_arrow": {
    "criteria": {
      "has_glowstone_dust": "2024-07-04 01:30:04 +0000"
    },
    "done": true
  },
  "pixelmon:recipes/decor/umbrella/purple_umbrella_dyed": {
    "criteria": {
      "has_the_recipe": "2024-07-04 01:21:59 +0000"
    },
    "done": true
  },
  "pixelmon:recipes/decor/umbrella/black_umbrella": {
    "criteria": {
      "has_wool": "2024-07-04 01:21:59 +0000"
    },
    "done": true
  },
  "minecraft:recipes/misc/ender_eye": {
    "criteria": {
      "has_blaze_powder": "2024-07-04 00:59:07 +0000"
    },
    "done": true
  },
  "pixelmon:recipes/curry/toast": {
    "criteria": {
      "has_bread": "2024-07-04 00:59:07 +0000"
    },
    "done": true
  },
  "minecraft:recipes/redstone/redstone_block": {
    "criteria": {
      "has_redstone": "2024-07-04 00:58:58 +0000"
    },
    "done": true
  },
  "pixelmon:recipes/decor/cushion_chair/purple_cushion_chair": {
    "criteria": {
      "has_wool": "2024-07-04 01:21:59 +0000"
    },
    "done": true
  },
  "minecraft:recipes/food/baked_potato": {
    "criteria": {
      "has_potato": "2024-07-04 00:59:07 +0000"
    },
    "done": true
  },
  "minecraft:recipes/food/cooked_beef_from_smoking": {
    "criteria": {
      "has_beef": "2024-07-04 01:24:50 +0000"
    },
    "done": true
  },
  "pixelmon:recipes/decor/rug/light_gray_rug": {
    "criteria": {
      "has_wool": "2024-07-04 01:21:59 +0000"
    },
    "done": true
  },
  "minecraft:recipes/decorations/white_carpet": {
    "criteria": {
      "has_white_wool": "2024-07-04 01:21:59 +0000"
    },
    "done": true
  },
  "minecraft:recipes/food/cooked_chicken_from_campfire_cooking": {
    "criteria": {
      "has_chicken": "2024-07-04 01:00:56 +0000"
    },
    "done": true
  },
  "pixelmon:recipes/furnace/yellow_apricorn": {
    "criteria": {
      "has_apricorn": "2024-07-04 01:19:34 +0000"
    },
    "done": true
  },
  "pixelmon:recipes/decor/vending_machine/light_gray_vending_machine": {
    "criteria": {
      "has_fresh_water": "2024-07-04 00:59:07 +0000"
    },
    "done": true
  },
  "pixelmon:recipes/decor/umbrella/light_blue_umbrella": {
    "criteria": {
      "has_wool": "2024-07-04 01:21:59 +0000"
    },
    "done": true
  },
  "minecraft:recipes/misc/iron_nugget_from_smelting": {
    "criteria": {
      "has_iron_pickaxe": "2024-07-04 01:22:31 +0000"
    },
    "done": true
  },
  "minecraft:recipes/food/cooked_mutton_from_smoking": {
    "criteria": {
      "has_mutton": "2024-07-04 01:21:59 +0000"
    },
    "done": true
  },
  "pixelmon:recipes/decor/umbrella/brown_umbrella": {
    "criteria": {
      "has_wool": "2024-07-04 01:21:59 +0000"
    },
    "done": true
  },
  "pixelmon:recipes/lures/lure_type_weak": {
    "criteria": {
      "has_oran": "2024-07-04 00:59:07 +0000"
    },
    "done": true
  },
  "minecraft:recipes/decorations/oak_fence": {
    "criteria": {
      "has_planks": "2024-07-04 01:40:47 +0000"
    },
    "done": true
  },
  "minecraft:recipes/transportation/oak_boat": {
    "criteria": {
      "in_water": "2024-07-04 01:04:32 +0000"
    },
    "done": true
  },
  "minecraft:recipes/food/cooked_cod_from_campfire_cooking": {
    "criteria": {
      "has_cod": "2024-07-04 00:59:07 +0000"
    },
    "done": true
  },
  "minecraft:recipes/food/baked_potato_from_campfire_cooking": {
    "criteria": {
      "has_potato": "2024-07-04 00:59:07 +0000"
    },
    "done": true
  },
  "minecraft:recipes/food/cooked_porkchop": {
    "criteria": {
      "has_porkchop": "2024-07-04 01:47:09 +0000"
    },
    "done": true
  },
  "minecraft:recipes/building_blocks/oak_slab": {
    "criteria": {
      "has_planks": "2024-07-04 01:40:47 +0000"
    },
    "done": true
  },
  "pixelmon:recipes/decor/vending_machine/orange_vending_machine": {
    "criteria": {
      "has_fresh_water": "2024-07-04 00:59:07 +0000"
    },
    "done": true
  },
  "pixelmon:recipes/decor/cushion_chair/blue_cushion_chair": {
    "criteria": {
      "has_wool": "2024-07-04 01:21:59 +0000"
    },
    "done": true
  },
  "pixelmon:recipes/furnace/pink_apricorn": {
    "criteria": {
      "has_apricorn": "2024-07-04 00:59:07 +0000"
    },
    "done": true
  },
  "pixelmon:recipes/curry/potato_pack": {
    "criteria": {
      "has_potato": "2024-07-04 00:59:07 +0000"
    },
    "done": true
  },
  "minecraft:recipes/food/cooked_porkchop_from_campfire_cooking": {
    "criteria": {
      "has_porkchop": "2024-07-04 01:47:09 +0000"
    },
    "done": true
  },
  "pixelmon:recipes/machines/trade_machine/trade_holder_left": {
    "criteria": {
      "has_poke_ball": "2024-07-04 00:59:07 +0000"
    },
    "done": true
  },
  "minecraft:recipes/tools/wooden_axe": {
    "criteria": {
      "has_stick": "2024-07-04 01:46:22 +0000"
    },
    "done": true
  },
  "minecraft:recipes/building_blocks/lime_wool": {
    "criteria": {
      "has_white_wool": "2024-07-04 01:21:59 +0000"
    },
    "done": true
  },
  "pixelmon:recipes/infuser/medicine/skitty_smoothie": {
    "criteria": {
      "has_moomoo_milk": "2024-07-04 01:24:50 +0000"
    },
    "done": true
  },
  "pixelmon:recipes/decor/chair/white_chair": {
    "criteria": {
      "has_wool": "2024-07-04 01:21:59 +0000"
    },
    "done": true
  },
  "pixelmon:recipes/pokeball/base/platinum_base": {
    "criteria": {
      "has_ingot": "2024-07-04 00:58:58 +0000"
    },
    "done": true
  },
  "minecraft:recipes/building_blocks/black_wool": {
    "criteria": {
      "has_white_wool": "2024-07-04 01:21:59 +0000"
    },
    "done": true
  },
  "minecraft:recipes/food/cooked_salmon_from_smoking": {
    "criteria": {
      "has_salmon": "2024-07-04 01:52:50 +0000"
    },
    "done": true
  },
  "minecraft:recipes/decorations/loom": {
    "criteria": {
      "has_string": "2024-07-04 01:05:10 +0000"
    },
    "done": true
  },
  "minecraft:recipes/building_blocks/green_wool": {
    "criteria": {
      "has_white_wool": "2024-07-04 01:21:59 +0000"
    },
    "done": true
  },
  "pixelmon:recipes/pokeball/lid/repeat_ball_lid": {
    "criteria": {
      "has_poke_ball": "2024-07-04 00:59:07 +0000"
    },
    "done": true
  },
  "minecraft:recipes/building_blocks/brown_wool": {
    "criteria": {
      "has_white_wool": "2024-07-04 01:21:59 +0000"
    },
    "done": true
  },
  "pixelmon:recipes/decor/rug/red_rug": {
    "criteria": {
      "has_wool": "2024-07-04 01:21:59 +0000"
    },
    "done": true
  },
  "minecraft:recipes/misc/blue_dye_from_cornflower": {
    "criteria": {
      "has_blue_flower": "2024-07-04 01:35:51 +0000"
    },
    "done": true
  },
  "pixelmon:recipes/pokeball/lid/gigaton_ball_lid": {
    "criteria": {
      "has_tumblestone": "2024-07-04 01:48:10 +0000"
    },
    "done": true
  },
  "pixelmon:recipes/decor/cushion_chair/light_blue_cushion_chair": {
    "criteria": {
      "has_wool": "2024-07-04 01:21:59 +0000"
    },
    "done": true
  },
  "pixelmon:recipes/decor/umbrella/purple_umbrella": {
    "criteria": {
      "has_wool": "2024-07-04 01:21:59 +0000"
    },
    "done": true
  },
  "pixelmon:recipes/decor/cushion_chair/brown_cushion_chair": {
    "criteria": {
      "has_wool": "2024-07-04 01:21:59 +0000"
    },
    "done": true
  },
  "pixelmon:recipes/pokeball/lid/ancient_heavy_ball_lid": {
    "criteria": {
      "has_tumblestone": "2024-07-04 01:48:10 +0000"
    },
    "done": true
  },
  "pixelmon:recipes/decor/vending_machine/magenta_vending_machine": {
    "criteria": {
      "has_fresh_water": "2024-07-04 00:59:07 +0000"
    },
    "done": true
  },
  "minecraft:recipes/decorations/painting": {
    "criteria": {
      "has_wool": "2024-07-04 01:21:59 +0000"
    },
    "done": true
  },
  "pixelmon:wild_battle_victories/wild_battle_victory_trigger": {
    "criteria": {
      "wild_battle_victory_trigger": "2024-07-04 01:00:41 +0000"
    },
    "done": true
  },
  "pixelmon:recipes/pokeball/lid/lure_ball_lid": {
    "criteria": {
      "has_poke_ball": "2024-07-04 00:59:07 +0000"
    },
    "done": true
  },
  "pixelmon:recipes/decor/vending_machine/purple_vending_machine": {
    "criteria": {
      "has_fresh_water": "2024-07-04 00:59:07 +0000"
    },
    "done": true
  },
  "pixelmon:recipes/decor/umbrella/light_blue_umbrella_dyed": {
    "criteria": {
      "has_the_recipe": "2024-07-04 01:21:59 +0000"
    },
    "done": true
  },
  "minecraft:recipes/combat/arrow": {
    "criteria": {
      "has_feather": "2024-07-04 01:00:56 +0000"
    },
    "done": true
  },
  "pixelmon:recipes/decor/umbrella/green_umbrella": {
    "criteria": {
      "has_wool": "2024-07-04 01:21:59 +0000"
    },
    "done": true
  },
  "pixelmon:recipes/pokeball/lid/quick_ball_lid": {
    "criteria": {
      "has_poke_ball": "2024-07-04 00:59:07 +0000"
    },
    "done": true
  },
  "pixelmon:recipes/decor/cushion_chair/pink_cushion_chair": {
    "criteria": {
      "has_wool": "2024-07-04 01:21:59 +0000"
    },
    "done": true
  },
  "minecraft:recipes/building_blocks/light_blue_wool": {
    "criteria": {
      "has_white_wool": "2024-07-04 01:21:59 +0000"
    },
    "done": true
  },
  "pixelmon:recipes/infuser/juice/colorful_juice": {
    "criteria": {
      "has_juice_berry_1": "2024-07-04 00:59:07 +0000"
    },
    "done": true
  },
  "minecraft:recipes/combat/wooden_sword": {
    "criteria": {
      "has_stick": "2024-07-04 01:46:22 +0000"
    },
    "done": true
  },
  "minecraft:recipes/building_blocks/oak_planks": {
    "criteria": {
      "has_logs": "2024-07-04 01:40:25 +0000"
    },
    "done": true
  },
  "pixelmon:recipes/pokeball/lid/heavy_ball_lid": {
    "criteria": {
      "has_poke_ball": "2024-07-04 00:59:07 +0000"
    },
    "done": true
  },
  "pixelmon:recipes/equipment/badgecase/greenbadgecase": {
    "criteria": {
      "has_apricorn": "2024-07-04 00:59:07 +0000"
    },
    "done": true
  },
  "pixelmon:recipes/stick_plate": {
    "criteria": {
      "has_redstone": "2024-07-04 00:58:58 +0000"
    },
    "done": true
  },
  "pixelmon:recipes/decor/household_items/mug_ball": {
    "criteria": {
      "has_poke_ball": "2024-07-04 00:59:07 +0000"
    },
    "done": true
  },
  "pixelmon:recipes/pokeball/lid/luxury_ball_lid": {
    "criteria": {
      "has_poke_ball": "2024-07-04 00:59:07 +0000"
    },
    "done": true
  },
  "pixelmon:recipes/pokeball/lid/moon_ball_lid": {
    "criteria": {
      "has_poke_ball": "2024-07-04 00:59:07 +0000"
    },
    "done": true
  },
  "pixelmon:recipes/infuser/juice/green_juice": {
    "criteria": {
      "has_green_juice_berry_2": "2024-07-04 01:25:50 +0000"
    },
    "done": true
  },
  "pixelmon:recipes/decor/vending_machine/white_vending_machine": {
    "criteria": {
      "has_fresh_water": "2024-07-04 00:59:07 +0000"
    },
    "done": true
  },
  "minecraft:recipes/building_blocks/glowstone": {
    "criteria": {
      "has_glowstone_dust": "2024-07-04 01:30:04 +0000"
    },
    "done": true
  },
  "pixelmon:recipes/decor/household_items/end_table": {
    "criteria": {
      "has_crafting_table": "2024-07-04 01:40:53 +0000"
    },
    "done": true
  },
  "minecraft:recipes/redstone/tripwire_hook": {
    "criteria": {
      "has_string": "2024-07-04 01:05:10 +0000"
    },
    "done": true
  },
  "pixelmon:recipes/decor/cushion_chair/white_cushion_chair": {
    "criteria": {
      "has_wool": "2024-07-04 01:21:59 +0000"
    },
    "done": true
  },
  "pixelmon:recipes/decor/cushion_chair/orange_cushion_chair": {
    "criteria": {
      "has_wool": "2024-07-04 01:21:59 +0000"
    },
    "done": true
  },
  "pixelmon:recipes/decor/rug/pink_rug": {
    "criteria": {
      "has_wool": "2024-07-04 01:21:59 +0000"
    },
    "done": true
  },
  "minecraft:recipes/redstone/oak_pressure_plate": {
    "criteria": {
      "has_planks": "2024-07-04 01:40:47 +0000"
    },
    "done": true
  },
  "minecraft:recipes/misc/bone_meal": {
    "criteria": {
      "has_bone": "2024-07-04 00:59:18 +0000"
    },
    "done": true
  },
  "pixelmon:recipes/decor/umbrella/black_umbrella_dyed": {
    "criteria": {
      "has_the_recipe": "2024-07-04 01:21:59 +0000"
    },
    "done": true
  },
  "pixelmon:recipes/decor/vending_machine/pink_vending_machine": {
    "criteria": {
      "has_fresh_water": "2024-07-04 00:59:07 +0000"
    },
    "done": true
  },
  "minecraft:story/iron_tools": {
    "criteria": {
      "iron_pickaxe": "2024-07-04 01:22:31 +0000"
    },
    "done": true
  },
  "pixelmon:recipes/sweet_heart": {
    "criteria": {
      "has_sugar": "2024-07-04 01:37:45 +0000"
    },
    "done": true
  },
  "pixelmon:recipes/decor/folding_chair/white_folding_chair_dyed": {
    "criteria": {
      "has_the_recipe": "2024-07-04 01:21:59 +0000"
    },
    "done": true
  },
  "pixelmon:recipes/decor/umbrella/blue_umbrella_dyed": {
    "criteria": {
      "has_the_recipe": "2024-07-04 01:21:59 +0000"
    },
    "done": true
  },
  "pixelmon:recipes/decor/umbrella/gray_umbrella_dyed": {
    "criteria": {
      "has_the_recipe": "2024-07-04 01:21:59 +0000"
    },
    "done": true
  },
  "minecraft:recipes/building_blocks/oak_wood": {
    "criteria": {
      "has_log": "2024-07-04 01:40:25 +0000"
    },
    "done": true
  },
  "minecraft:recipes/food/cooked_salmon": {
    "criteria": {
      "has_salmon": "2024-07-04 01:52:50 +0000"
    },
    "done": true
  },
  "pixelmon:recipes/decor/vending_machine/blue_vending_machine": {
    "criteria": {
      "has_fresh_water": "2024-07-04 00:59:07 +0000"
    },
    "done": true
  },
  "minecraft:story/root": {
    "criteria": {
      "crafting_table": "2024-07-04 01:40:53 +0000"
    },
    "done": true
  },
  "pixelmon:recipes/decor/cushion_chair/light_gray_cushion_chair": {
    "criteria": {
      "has_wool": "2024-07-04 01:21:59 +0000"
    },
    "done": true
  },
  "minecraft:recipes/redstone/dropper": {
    "criteria": {
      "has_redstone": "2024-07-04 00:58:58 +0000"
    },
    "done": true
  },
  "minecraft:recipes/combat/crossbow": {
    "criteria": {
      "has_string": "2024-07-04 01:05:10 +0000"
    },
    "done": true
  },
  "pixelmon:recipes/machines/trade_machine/trade_panel": {
    "criteria": {
      "has_poke_ball": "2024-07-04 00:59:07 +0000"
    },
    "done": true
  },
  "minecraft:recipes/building_blocks/yellow_wool": {
    "criteria": {
      "has_white_wool": "2024-07-04 01:21:59 +0000"
    },
    "done": true
  },
  "minecraft:recipes/decorations/oak_sign": {
    "criteria": {
      "has_oak_planks": "2024-07-04 01:40:47 +0000"
    },
    "done": true
  },
  "minecraft:recipes/food/cooked_porkchop_from_smoking": {
    "criteria": {
      "has_porkchop": "2024-07-04 01:47:09 +0000"
    },
    "done": true
  },
  "minecraft:recipes/redstone/oak_trapdoor": {
    "criteria": {
      "has_planks": "2024-07-04 01:40:47 +0000"
    },
    "done": true
  },
  "minecraft:recipes/misc/iron_nugget_from_blasting": {
    "criteria": {
      "has_iron_pickaxe": "2024-07-04 01:22:31 +0000"
    },
    "done": true
  },
  "minecraft:recipes/combat/leather_chestplate": {
    "criteria": {
      "has_leather": "2024-07-04 00:59:07 +0000"
    },
    "done": true
  },
  "pixelmon:recipes/infuser/medicine/tapu_cocoa": {
    "criteria": {
      "has_moomoo_milk": "2024-07-04 01:24:50 +0000"
    },
    "done": true
  },
  "pixelmon:recipes/decor/couch/white_couch": {
    "criteria": {
      "has_wool": "2024-07-04 01:21:59 +0000"
    },
    "done": true
  },
  "minecraft:recipes/tools/compass": {
    "criteria": {
      "has_redstone": "2024-07-04 00:58:58 +0000"
    },
    "done": true
  },
  "pixelmon:recipes/decor/umbrella/lime_umbrella_dyed": {
    "criteria": {
      "has_the_recipe": "2024-07-04 01:21:59 +0000"
    },
    "done": true
  },
  "minecraft:recipes/redstone/oak_button": {
    "criteria": {
      "has_planks": "2024-07-04 01:40:47 +0000"
    },
    "done": true
  },
  "pixelmon:recipes/pokeball/base/iron_base": {
    "criteria": {
      "has_ingot": "2024-07-04 00:58:58 +0000"
    },
    "done": true
  },
  "pixelmon:recipes/pokeball/lid/timer_ball_lid": {
    "criteria": {
      "has_poke_ball": "2024-07-04 00:59:07 +0000"
    },
    "done": true
  },
  "pixelmon:recipes/decor/household_items/fan": {
    "criteria": {
      "has_redstone": "2024-07-04 00:58:58 +0000"
    },
    "done": true
  },
  "pixelmon:recipes/pokeball/base/wooden_base": {
    "criteria": {
      "has_slab": "2024-07-04 00:58:58 +0000"
    },
    "done": true
  },
  "pixelmon:recipes/decor/rug/light_blue_rug": {
    "criteria": {
      "has_wool": "2024-07-04 01:21:59 +0000"
    },
    "done": true
  },
  "minecraft:recipes/brewing/magma_cream": {
    "criteria": {
      "has_blaze_powder": "2024-07-04 00:59:07 +0000"
    },
    "done": true
  },
  "pixelmon:recipes/pokeball/lid/level_ball_lid": {
    "criteria": {
      "has_poke_ball": "2024-07-04 00:59:07 +0000"
    },
    "done": true
  },
  "pixelmon:recipes/decor/umbrella/green_umbrella_dyed": {
    "criteria": {
      "has_the_recipe": "2024-07-04 01:21:59 +0000"
    },
    "done": true
  },
  "minecraft:recipes/food/cooked_beef": {
    "criteria": {
      "has_beef": "2024-07-04 01:24:50 +0000"
    },
    "done": true
  },
  "minecraft:adventure/adventuring_time": {
    "criteria": {
      "minecraft:mountains": "2024-07-04 01:36:47 +0000",
      "minecraft:river": "2024-07-04 01:02:43 +0000",
      "minecraft:wooded_hills": "2024-07-04 01:34:00 +0000",
      "minecraft:plains": "2024-07-04 00:58:53 +0000"
    },
    "done": false
  },
  "pixelmon:recipes/decor/rug/green_rug": {
    "criteria": {
      "has_wool": "2024-07-04 01:21:59 +0000"
    },
    "done": true
  },
  "pixelmon:recipes/decor/cushion_chair/black_cushion_chair": {
    "criteria": {
      "has_wool": "2024-07-04 01:21:59 +0000"
    },
    "done": true
  },
  "pixelmon:recipes/blast_furnace/pink_apricorn": {
    "criteria": {
      "has_apricorn": "2024-07-04 00:59:07 +0000"
    },
    "done": true
  },
  "minecraft:recipes/decorations/barrel": {
    "criteria": {
      "has_planks": "2024-07-04 01:40:47 +0000"
    },
    "done": true
  },
  "pixelmon:recipes/decor/vending_machine/black_vending_machine": {
    "criteria": {
      "has_fresh_water": "2024-07-04 00:59:07 +0000"
    },
    "done": true
  },
  "minecraft:recipes/redstone/oak_door": {
    "criteria": {
      "has_planks": "2024-07-04 01:40:47 +0000"
    },
    "done": true
  },
  "pixelmon:recipes/decor/household_items/fridge": {
    "criteria": {
      "has_redstone": "2024-07-04 00:58:58 +0000"
    },
    "done": true
  },
  "minecraft:husbandry/plant_seed": {
    "criteria": {
      "wheat": "2024-07-04 01:30:41 +0000"
    },
    "done": true
  },
  "minecraft:recipes/combat/leather_boots": {
    "criteria": {
      "has_leather": "2024-07-04 00:59:07 +0000"
    },
    "done": true
  },
  "minecraft:recipes/transportation/jungle_boat": {
    "criteria": {
      "in_water": "2024-07-04 01:04:32 +0000"
    },
    "done": true
  },
  "pixelmon:recipes/decor/cushion_chair/yellow_cushion_chair": {
    "criteria": {
      "has_wool": "2024-07-04 01:21:59 +0000"
    },
    "done": true
  },
  "pixelmon:recipes/equipment/old_rod": {
    "criteria": {
      "has_string": "2024-07-04 01:05:10 +0000"
    },
    "done": true
  },
  "minecraft:recipes/transportation/dark_oak_boat": {
    "criteria": {
      "in_water": "2024-07-04 01:04:32 +0000"
    },
    "done": true
  },
  "minecraft:recipes/transportation/carrot_on_a_stick": {
    "criteria": {
      "has_carrot": "2024-07-04 01:47:09 +0000"
    },
    "done": true
  },
  "minecraft:recipes/building_blocks/pink_wool": {
    "criteria": {
      "has_white_wool": "2024-07-04 01:21:59 +0000"
    },
    "done": true
  },
  "pixelmon:recipes/pokeball/base/silver_base": {
    "criteria": {
      "has_ingot": "2024-07-04 00:58:58 +0000"
    },
    "done": true
  },
  "pixelmon:recipes/decor/vending_machine/brown_vending_machine": {
    "criteria": {
      "has_fresh_water": "2024-07-04 00:59:07 +0000"
    },
    "done": true
  },
  "pixelmon:recipes/decor/vending_machine/yellow_vending_machine": {
    "criteria": {
      "has_fresh_water": "2024-07-04 00:59:07 +0000"
    },
    "done": true
  },
  "minecraft:recipes/redstone/piston": {
    "criteria": {
      "has_redstone": "2024-07-04 00:58:58 +0000"
    },
    "done": true
  },
  "minecraft:recipes/food/cooked_cod_from_smoking": {
    "criteria": {
      "has_cod": "2024-07-04 00:59:07 +0000"
    },
    "done": true
  },
  "pixelmon:recipes/equipment/film": {
    "criteria": {
      "has_redstone": "2024-07-04 00:58:58 +0000"
    },
    "done": true
  },
  "pixelmon:recipes/decor/cushion_chair/gray_cushion_chair": {
    "criteria": {
      "has_wool": "2024-07-04 01:21:59 +0000"
    },
    "done": true
  },
  "pixelmon:recipes/decor/household_items/glass_table": {
    "criteria": {
      "has_planks": "2024-07-04 01:40:47 +0000"
    },
    "done": true
  },
  "pixelmon:recipes/infuser/juice/purple_juice": {
    "criteria": {
      "has_purple_juice_berry_1": "2024-07-04 00:59:07 +0000"
    },
    "done": true
  },
  "pixelmon:recipes/decor/bench/bench": {
    "criteria": {
      "has_planks": "2024-07-04 01:40:47 +0000"
    },
    "done": true
  },
  "pixelmon:recipes/decor/building_infrastructure/bridge_block": {
    "criteria": {
      "has_logs": "2024-07-04 01:40:25 +0000"
    },
    "done": true
  },
  "pixelmon:recipes/equipment/vanilla/wooden_hammer": {
    "criteria": {
      "has_planks": "2024-07-04 01:40:47 +0000"
    },
    "done": true
  },
  "pixelmon:recipes/pokeball/lid/great_ball_lid": {
    "criteria": {
      "has_apricorn": "2024-07-04 00:59:07 +0000"
    },
    "done": true
  },
  "pixelmon:recipes/equipment/item_finder": {
    "criteria": {
      "has_redstone": "2024-07-04 00:58:58 +0000"
    },
    "done": true
  },
  "pixelmon:recipes/decor/cushion_chair/magenta_cushion_chair": {
    "criteria": {
      "has_wool": "2024-07-04 01:21:59 +0000"
    },
    "done": true
  },
  "minecraft:recipes/food/cooked_beef_from_campfire_cooking": {
    "criteria": {
      "has_beef": "2024-07-04 01:24:50 +0000"
    },
    "done": true
  },
  "pixelmon:recipes/pokeball/lid/nest_ball_lid": {
    "criteria": {
      "has_apricorn": "2024-07-04 00:59:07 +0000"
    },
    "done": true
  },
  "pixelmon:recipes/decor/umbrella/pink_umbrella": {
    "criteria": {
      "has_wool": "2024-07-04 01:21:59 +0000"
    },
    "done": true
  },
  "minecraft:recipes/building_blocks/light_gray_wool": {
    "criteria": {
      "has_white_wool": "2024-07-04 01:21:59 +0000"
    },
    "done": true
  },
  "minecraft:recipes/food/cooked_chicken": {
    "criteria": {
      "has_chicken": "2024-07-04 01:00:56 +0000"
    },
    "done": true
  },
  "minecraft:recipes/building_blocks/red_wool": {
    "criteria": {
      "has_white_wool": "2024-07-04 01:21:59 +0000"
    },
    "done": true
  },
  "pixelmon:recipes/infuser/juice/blue_juice": {
    "criteria": {
      "has_blue_juice_berry_1": "2024-07-04 00:59:07 +0000"
    },
    "done": true
  },
  "minecraft:recipes/decorations/soul_campfire": {
    "criteria": {
      "has_stick": "2024-07-04 01:46:22 +0000"
    },
    "done": true
  },
  "pixelmon:recipes/decor/umbrella/orange_umbrella": {
    "criteria": {
      "has_wool": "2024-07-04 01:21:59 +0000"
    },
    "done": true
  },
  "pixelmon:recipes/pokeball/lid/dive_ball_lid": {
    "criteria": {
      "has_poke_ball": "2024-07-04 00:59:07 +0000"
    },
    "done": true
  },
  "minecraft:recipes/misc/fire_charge": {
    "criteria": {
      "has_blaze_powder": "2024-07-04 00:59:07 +0000"
    },
    "done": true
  },
  "minecraft:recipes/food/cooked_mutton": {
    "criteria": {
      "has_mutton": "2024-07-04 01:21:59 +0000"
    },
    "done": true
  },
  "pixelmon:recipes/equipment/badgecase/yellowbadgecase": {
    "criteria": {
      "has_apricorn": "2024-07-04 01:19:34 +0000"
    },
    "done": true
  },
  "DataVersion": 2586
}